#TradeId,TradeType,Maturity,MaturityTime,NPV,NpvCurrency,NPV(Base),BaseCurrency,CE(Base),x
Trade_6531,Swap,2020-06-01,4.169399,4604.691199,EUR,5244.973510,USD,5244.97351,5244.97351
Trade_1418,Swap,2035-06-01,19.167797,-151339.653439,USD,-151339.653439,USD,0.0,0.0
Trade_4055,Swap,2026-06-01,10.167797,-650655.225404,EUR,-741128.834496,USD,0.0,0.0
Trade_6405,Swap,2039-06-01,23.167797,290206.060595,JPY,2581.031863,USD,2581.031863,2581.031863
Trade_1589,Swap,2023-06-01,7.167797,-29923.204362,GBP,-43029.567873,USD,0.0,0.0
Trade_7633,Swap,2024-06-03,8.174863,-4710.096428,USD,-4710.096428,USD,0.0,0.0
Trade_4320,Swap,2045-06-01,29.167797,877253.597321,GBP,1261490.672949,USD,1261490.67295,1261490.67295
Trade_6494,Swap,2025-06-02,9.170537,-153489.534766,GBP,-220717.950994,USD,0.0,0.0
Trade_8826,Swap,2033-06-01,17.167797,-338088.894125,EUR,-385100.154853,USD,0.0,0.0
Trade_1681,Swap,2045-06-01,29.167797,609761.855714,GBP,876837.548517,USD,876837.548517,876837.548517
Trade_5828,Swap,2033-06-01,17.167797,29407.823750,USD,29407.823750,USD,29407.82375,29407.82375
Trade_6164,Swap,2029-06-01,13.167797,-48382.416083,EUR,-55109.991039,USD,0.0,0.0
Trade_5341,Swap,2019-06-03,3.173276,47337.436503,JPY,421.009236,USD,421.009236,421.009236
Trade_9730,Swap,2032-06-01,16.169399,-373631.191618,GBP,-537281.653547,USD,0.0,0.0
Trade_9500,Swap,2034-06-01,18.167797,-7654.458303,EUR,-8718.810730,USD,0.0,0.0
Trade_9435,Swap,2039-06-01,23.167797,-104459.524231,AUD,-80193.576752,USD,0.0,0.0
Trade_3147,Swap,2040-06-01,24.169399,-200641.584201,USD,-200641.584201,USD,0.0,0.0
Trade_7753,Swap,2039-06-01,23.167797,-339848.437469,AUD,-260901.645444,USD,0.0,0.0
Trade_5617,Swap,2034-06-01,18.167797,116884.102249,EUR,133136.836667,USD,133136.836667,133136.836667
Trade_7936,Swap,2034-06-01,18.167797,-198040.785281,USD,-198040.785281,USD,0.0,0.0
Trade_7577,Swap,2026-06-01,10.167797,-37845.770199,GBP,-54422.217546,USD,0.0,0.0
Trade_9119,Swap,2043-06-01,27.167797,-30742.367520,GBP,-44207.524493,USD,0.0,0.0
Trade_3312,Swap,2029-06-01,13.167797,-27479.400571,JPY,-244.396028,USD,0.0,0.0
Trade_1221,Swap,2033-06-01,17.167797,-204031.954601,GBP,-293397.950716,USD,0.0,0.0
Trade_7292,Swap,2026-06-01,10.167797,-168985.200983,GBP,-243000.719014,USD,0.0,0.0
Trade_3223,Swap,2028-06-01,12.169399,-29148.141473,JPY,-259.237460,USD,0.0,0.0
Trade_5477,Swap,2033-06-01,17.167797,20629.935682,AUD,15837.601623,USD,15837.601623,15837.601623
Trade_4786,Swap,2024-06-03,8.174863,-1334.483998,USD,-1334.483998,USD,0.0,0.0
Trade_4970,Swap,2032-06-01,16.169399,539477.358553,JPY,4797.998529,USD,4797.998529,4797.998529
Trade_5849,Swap,2026-06-01,10.167797,-372376.683532,GBP,-535477.670919,USD,0.0,0.0
Trade_5519,Swap,2023-06-01,7.167797,-57937.187193,GBP,-83313.675184,USD,0.0,0.0
Trade_6483,Swap,2036-06-02,20.172131,17349.869531,EUR,19762.368890,USD,19762.36889,19762.36889
Trade_6013,Swap,2030-06-03,14.173276,-14686.531833,USD,-14686.531833,USD,0.0,0.0
Trade_8937,Swap,2026-06-01,10.167797,354139.700286,JPY,3149.644251,USD,3149.644251,3149.644251
Trade_4512,Swap,2028-06-01,12.169399,144207.535949,AUD,110708.125347,USD,110708.125347,110708.125347
Trade_1553,Swap,2021-06-01,5.167797,-4000.280823,JPY,-35.577659,USD,0.0,0.0
Trade_8668,Swap,2028-06-01,12.169399,169274.907339,JPY,1505.495538,USD,1505.495538,1505.495538
Trade_1546,Swap,2040-06-01,24.169399,836249.106205,EUR,952529.544423,USD,952529.544423,952529.544423
Trade_6251,Swap,2030-06-03,14.173276,-24339.674270,AUD,-18685.567937,USD,0.0,0.0
Trade_1844,Swap,2036-06-02,20.172131,153436.437940,AUD,117793.153406,USD,117793.153406,117793.153406
Trade_3149,Swap,2037-06-01,21.167797,416002.260092,JPY,3699.836889,USD,3699.836889,3699.836889
Trade_5571,Swap,2023-06-01,7.167797,38826.819907,AUD,29807.349643,USD,29807.349643,29807.349643
Trade_9877,Swap,2027-06-01,11.167797,152039.564914,USD,152039.564914,USD,152039.564914,152039.564914
Trade_1744,Swap,2042-06-02,26.170537,-221463.597344,USD,-221463.597344,USD,0.0,0.0
Trade_4155,Swap,2030-06-03,14.173276,671249.600365,EUR,764586.857296,USD,764586.857296,764586.857296
Trade_6440,Swap,2023-06-01,7.167797,259196.932320,EUR,295238.265760,USD,295238.26576,295238.26576
Trade_8372,Swap,2045-06-01,29.167797,826170.521643,AUD,634251.109463,USD,634251.109463,634251.109463
Trade_1911,Swap,2026-06-01,10.167797,386340.573298,EUR,440061.230015,USD,440061.230015,440061.230015
Trade_9553,Swap,2039-06-01,23.167797,-44004.912468,AUD,-33782.571302,USD,0.0,0.0
Trade_1986,Swap,2036-06-02,20.172131,-127890.209394,AUD,-98181.313752,USD,0.0,0.0
Trade_3338,Swap,2029-06-01,13.167797,-45654.932118,USD,-45654.932118,USD,0.0,0.0
Trade_7053,Swap,2032-06-01,16.169399,394486.846355,GBP,567272.085058,USD,567272.085058,567272.085058
Trade_6632,Swap,2045-06-01,29.167797,95727.841739,AUD,73490.264103,USD,73490.264103,73490.264103
Trade_3229,Swap,2040-06-01,24.169399,6357.126639,JPY,56.538952,USD,56.538952,56.538952
Trade_7979,Swap,2019-06-03,3.173276,209570.099107,USD,209570.099107,USD,209570.099107,209570.099107
Trade_9341,Swap,2042-06-02,26.170537,444215.695681,GBP,638782.170389,USD,638782.170389,638782.170389
Trade_3454,Swap,2037-06-01,21.167797,19788.832540,AUD,15191.886741,USD,15191.886741,15191.886741
Trade_8354,Swap,2030-06-03,14.173276,-46907.702228,EUR,-53430.218223,USD,0.0,0.0
Trade_2255,Swap,2034-06-01,18.167797,32805.674166,USD,32805.674166,USD,32805.674166,32805.674166
Trade_2434,Swap,2032-06-01,16.169399,4833.560272,EUR,5505.666828,USD,5505.666828,5505.666828
Trade_3264,Swap,2036-06-02,20.172131,-281882.866681,JPY,-2507.007121,USD,0.0,0.0
Trade_2842,Swap,2038-06-01,22.167797,-78414.429419,EUR,-89317.955830,USD,0.0,0.0
Trade_2841,Swap,2023-06-01,7.167797,21044.826240,GBP,30262.460133,USD,30262.460133,30262.460133
Trade_2859,Swap,2027-06-01,11.167797,31782.090569,AUD,24399.110930,USD,24399.11093,24399.11093
Trade_5133,Swap,2029-06-01,13.167797,740136.956602,GBP,1064316.943595,USD,1064316.9436,1064316.9436
Trade_2457,Swap,2040-06-01,24.169399,477466.292459,GBP,686596.528556,USD,686596.528556,686596.528556
Trade_4863,Swap,2029-06-01,13.167797,-121095.937676,GBP,-174135.958379,USD,0.0,0.0
Trade_4323,Swap,2023-06-01,7.167797,16980.307632,JPY,151.019296,USD,151.019296,151.019296
Trade_1693,Swap,2019-06-03,3.173276,77175.237745,EUR,87906.454553,USD,87906.454553,87906.454553
Trade_9287,Swap,2021-06-01,5.167797,66984.414090,USD,66984.414090,USD,66984.41409,66984.41409
Trade_8700,Swap,2038-06-01,22.167797,-329286.474315,EUR,-375073.758568,USD,0.0,0.0
Trade_3121,Swap,2032-06-01,16.169399,-55823.606892,AUD,-42855.783011,USD,0.0,0.0
Trade_9886,Swap,2019-06-03,3.173276,10216.230257,USD,10216.230257,USD,10216.230257,10216.230257
Trade_8047,Swap,2026-06-01,10.167797,7355.842721,USD,7355.842721,USD,7355.842721,7355.842721
Trade_8718,Swap,2020-06-01,4.169399,-91326.128201,EUR,-104025.026327,USD,0.0,0.0
Trade_5450,Swap,2031-06-02,15.170537,-876.690375,JPY,-7.797100,USD,0.0,0.0
Trade_7805,Swap,2021-06-01,5.167797,-32153.407441,USD,-32153.407441,USD,0.0,0.0
Trade_8268,Swap,2022-06-01,6.167797,28466.996460,EUR,32425.332318,USD,32425.332318,32425.332318
Trade_3409,Swap,2037-06-01,21.167797,646436.458409,USD,646436.458409,USD,646436.458409,646436.458409
Trade_3336,Swap,2027-06-01,11.167797,-77034.371307,GBP,-110775.425939,USD,0.0,0.0
Trade_8640,Swap,2036-06-02,20.172131,-15493.067588,EUR,-17647.378637,USD,0.0,0.0
Trade_9847,Swap,2027-06-01,11.167797,296047.958634,GBP,425716.964517,USD,425716.964517,425716.964517
Trade_3614,Swap,2033-06-01,17.167797,-175673.510062,EUR,-200100.911637,USD,0.0,0.0
Trade_3934,Swap,2040-06-01,24.169399,553688.477218,EUR,630678.859975,USD,630678.859975,630678.859975
Trade_8170,Swap,2044-06-01,28.169399,-106586.096471,EUR,-121406.893185,USD,0.0,0.0
Trade_5664,Swap,2027-06-01,11.167797,-5350.015567,AUD,-4107.206951,USD,0.0,0.0
Trade_9532,Swap,2030-06-03,14.173276,-848901.911556,EUR,-966941.722357,USD,0.0,0.0
Trade_9956,Swap,2023-06-01,7.167797,99184.989971,JPY,882.130507,USD,882.130507,882.130507
Trade_8036,Swap,2034-06-01,18.167797,14580.037203,GBP,20966.093498,USD,20966.093498,20966.093498
Trade_5759,Swap,2038-06-01,22.167797,-88813.169446,EUR,-101162.640658,USD,0.0,0.0
Trade_5033,Swap,2022-06-01,6.167797,70430.602900,USD,70430.602900,USD,70430.6029,70430.6029
Trade_4925,Swap,2037-06-01,21.167797,302792.970950,AUD,232454.163797,USD,232454.163797,232454.163797
Trade_7426,Swap,2045-06-01,29.167797,-102252.418366,GBP,-147038.977611,USD,0.0,0.0
Trade_5350,Swap,2039-06-01,23.167797,574783.435796,JPY,5112.003378,USD,5112.003378,5112.003378
Trade_1773,Swap,2024-06-03,8.174863,-1133.326587,EUR,-1290.915648,USD,0.0,0.0
Trade_5598,Swap,2039-06-01,23.167797,-27929.420136,USD,-27929.420136,USD,0.0,0.0
Trade_4177,Swap,2031-06-02,15.170537,-75778.156285,JPY,-673.955036,USD,0.0,0.0
Trade_8809,Swap,2037-06-01,21.167797,-166421.736036,AUD,-127761.966754,USD,0.0,0.0
Trade_3654,Swap,2037-06-01,21.167797,-30666.474426,EUR,-34930.647694,USD,0.0,0.0
Trade_4651,Swap,2020-06-01,4.169399,-6292.042009,AUD,-4830.400650,USD,0.0,0.0
Trade_9149,Swap,2038-06-01,22.167797,40860.014236,JPY,363.400401,USD,363.400401,363.400401
Trade_9792,Swap,2031-06-02,15.170537,-120204.754369,GBP,-172854.436783,USD,0.0,0.0
Trade_8867,Swap,2045-06-01,29.167797,-391732.172571,AUD,-300732.788882,USD,0.0,0.0
Trade_2060,Swap,2026-06-01,10.167797,-70111.598119,AUD,-53824.673876,USD,0.0,0.0
Trade_5582,Swap,2033-06-01,17.167797,-63408.483633,AUD,-48678.692885,USD,0.0,0.0
Trade_4808,Swap,2042-06-02,26.170537,-996774.022682,JPY,-8865.099190,USD,0.0,0.0
Trade_8542,Swap,2044-06-01,28.169399,-212032.783502,USD,-212032.783502,USD,0.0,0.0
Trade_8068,Swap,2039-06-01,23.167797,-394349.677894,AUD,-302742.247718,USD,0.0,0.0
Trade_7595,Swap,2037-06-01,21.167797,697.634868,USD,697.634868,USD,697.634868,697.634868
Trade_6778,Swap,2019-06-03,3.173276,29017.420207,AUD,22276.673493,USD,22276.673493,22276.673493
Trade_2367,Swap,2025-06-02,9.170537,-29331.229199,AUD,-22517.584656,USD,0.0,0.0
Trade_5178,Swap,2031-06-02,15.170537,712794.905966,AUD,547212.649308,USD,547212.649308,547212.649308
Trade_8847,Swap,2021-06-01,5.167797,190635.846466,GBP,274134.347218,USD,274134.347218,274134.347218
Trade_7253,Swap,2037-06-01,21.167797,-7765.916993,GBP,-11167.388636,USD,0.0,0.0
Trade_3284,Swap,2040-06-01,24.169399,-503242.872880,JPY,-4475.736609,USD,0.0,0.0
Trade_4918,Swap,2025-06-02,9.170537,161904.120464,AUD,124293.793279,USD,124293.793279,124293.793279
Trade_4418,Swap,2039-06-01,23.167797,94083.772976,JPY,836.761353,USD,836.761353,836.761353
Trade_7609,Swap,2028-06-01,12.169399,-75510.976320,GBP,-108584.783948,USD,0.0,0.0
Trade_8691,Swap,2039-06-01,23.167797,180456.891583,AUD,138536.755668,USD,138536.755668,138536.755668
Trade_7030,Swap,2036-06-02,20.172131,46863.931892,JPY,416.797985,USD,416.797985,416.797985
Trade_7715,Swap,2037-06-01,21.167797,-944312.841185,USD,-944312.841185,USD,0.0,0.0
Trade_1961,Swap,2036-06-02,20.172131,-39323.035439,GBP,-56546.524961,USD,0.0,0.0
Trade_3729,Swap,2020-06-01,4.169399,137453.013288,AUD,105522.678301,USD,105522.678301,105522.678301
Trade_2946,Swap,2032-06-01,16.169399,-375259.461817,EUR,-427439.289982,USD,0.0,0.0
Trade_3855,Swap,2025-06-02,9.170537,-154472.628987,GBP,-222131.640484,USD,0.0,0.0
Trade_1985,Swap,2028-06-01,12.169399,-7478.598929,GBP,-10754.225260,USD,0.0,0.0
Trade_7252,Swap,2025-06-02,9.170537,380133.820719,EUR,432991.428490,USD,432991.42849,432991.42849
Trade_8639,Swap,2027-06-01,11.167797,367124.478927,JPY,3265.128150,USD,3265.12815,3265.12815
Trade_4233,Swap,2033-06-01,17.167797,237061.652016,GBP,340894.655599,USD,340894.655599,340894.655599
Trade_4704,Swap,2028-06-01,12.169399,30009.954803,EUR,34182.839019,USD,34182.839019,34182.839019
Trade_9247,Swap,2023-06-01,7.167797,81911.058644,AUD,62883.119721,USD,62883.119721,62883.119721
Trade_3389,Swap,2025-06-02,9.170537,21379.973958,JPY,190.149006,USD,190.149006,190.149006
Trade_2869,Swap,2040-06-01,24.169399,45840.820950,EUR,52214.987103,USD,52214.987103,52214.987103
Trade_2178,Swap,2041-06-03,25.173276,-69044.251451,JPY,-614.065098,USD,0.0,0.0
Trade_5800,Swap,2021-06-01,5.167797,-191440.584125,USD,-191440.584125,USD,0.0,0.0
Trade_6187,Swap,2035-06-01,19.167797,1575.634544,USD,1575.634544,USD,1575.634544,1575.634544
Trade_8942,Swap,2033-06-01,17.167797,-619317.195319,JPY,-5508.077299,USD,0.0,0.0
Trade_9087,Swap,2031-06-02,15.170537,-35779.690088,USD,-35779.690088,USD,0.0,0.0
Trade_5823,Swap,2024-06-03,8.174863,3761.091079,USD,3761.091079,USD,3761.091079,3761.091079
Trade_7735,Swap,2044-06-01,28.169399,-573809.690883,JPY,-5103.343095,USD,0.0,0.0
Trade_9945,Swap,2043-06-01,27.167797,-118863.906270,EUR,-135391.932437,USD,0.0,0.0
Trade_6964,Swap,2021-06-01,5.167797,-3408.807500,JPY,-30.317219,USD,0.0,0.0
Trade_2706,Swap,2020-06-01,4.169399,8019.096931,AUD,6156.260714,USD,6156.260714,6156.260714
Trade_8648,Swap,2024-06-03,8.174863,39745.299055,AUD,30512.466085,USD,30512.466085,30512.466085
Trade_6288,Swap,2020-06-01,4.169399,-45486.878367,GBP,-65410.131092,USD,0.0,0.0
Trade_9037,Swap,2033-06-01,17.167797,419357.015726,EUR,477668.608763,USD,477668.608763,477668.608763
Trade_8750,Swap,2044-06-01,28.169399,-881887.229097,AUD,-677024.825775,USD,0.0,0.0
Trade_2763,Swap,2043-06-01,27.167797,-110859.906727,EUR,-126274.976757,USD,0.0,0.0
Trade_9246,Swap,2032-06-01,16.169399,-60532.877892,EUR,-68949.974562,USD,0.0,0.0
Trade_4458,Swap,2028-06-01,12.169399,-155502.105603,USD,-155502.105603,USD,0.0,0.0
Trade_5509,Swap,2035-06-01,19.167797,88392.960148,GBP,127109.076693,USD,127109.076693,127109.076693
Trade_4362,Swap,2023-06-01,7.167797,46688.361541,USD,46688.361541,USD,46688.361541,46688.361541
Trade_1454,Swap,2028-06-01,12.169399,-16765.457848,AUD,-12870.841990,USD,0.0,0.0
Trade_2719,Swap,2026-06-01,10.167797,-125448.643954,JPY,-1115.713940,USD,0.0,0.0
Trade_1369,Swap,2040-06-01,24.169399,1805519.876811,EUR,2056577.415682,USD,2056577.41568,2056577.41568
Trade_4550,Swap,2026-06-01,10.167797,17965.653541,JPY,159.782756,USD,159.782756,159.782756
Trade_7424,Swap,2030-06-03,14.173276,24942.864382,EUR,28411.169675,USD,28411.169675,28411.169675
Trade_8746,Swap,2019-06-03,3.173276,-15919.033473,USD,-15919.033473,USD,0.0,0.0
Trade_4208,Swap,2030-06-03,14.173276,-41314.570088,USD,-41314.570088,USD,0.0,0.0
Trade_8320,Swap,2022-06-01,6.167797,72393.657308,USD,72393.657308,USD,72393.657308,72393.657308
Trade_4724,Swap,2020-06-01,4.169399,32171.262714,GBP,46262.275783,USD,46262.275783,46262.275783
Trade_4734,Swap,2024-06-03,8.174863,-121949.867794,JPY,-1084.596558,USD,0.0,0.0
Trade_3661,Swap,2032-06-01,16.169399,-69593.673149,GBP,-100075.701988,USD,0.0,0.0
Trade_3673,Swap,2019-06-03,3.173276,-74462.686380,GBP,-107077.343014,USD,0.0,0.0
Trade_9895,Swap,2036-06-02,20.172131,32155.295522,AUD,24685.620372,USD,24685.620372,24685.620372
Trade_2377,Swap,2023-06-01,7.167797,-12371.166460,EUR,-14091.377156,USD,0.0,0.0
Trade_5734,Swap,2029-06-01,13.167797,51027.088310,AUD,39173.495696,USD,39173.495696,39173.495696
Trade_3217,Swap,2029-06-01,13.167797,25170.661260,USD,25170.661260,USD,25170.66126,25170.66126
Trade_1718,Swap,2029-06-01,13.167797,157897.272495,GBP,227056.277848,USD,227056.277848,227056.277848
Trade_5291,Swap,2022-06-01,6.167797,-6296.500286,USD,-6296.500286,USD,0.0,0.0
Trade_1706,Swap,2042-06-02,26.170537,196054.358923,USD,196054.358923,USD,196054.358923,196054.358923
Trade_4312,Swap,2020-06-01,4.169399,4724.964099,AUD,3627.354939,USD,3627.354939,3627.354939
Trade_9302,Swap,2027-06-01,11.167797,398.763586,JPY,3.546520,USD,3.54652,3.54652
Trade_4426,Swap,2032-06-01,16.169399,-190128.040606,USD,-190128.040606,USD,0.0,0.0
Trade_3818,Swap,2027-06-01,11.167797,-443616.577818,EUR,-505301.462963,USD,0.0,0.0
Trade_1043,Swap,2037-06-01,21.167797,7296.152312,JPY,64.890449,USD,64.890449,64.890449
Trade_8597,Swap,2027-06-01,11.167797,74248.980199,JPY,660.354864,USD,660.354864,660.354864
Trade_4347,Swap,2027-06-01,11.167797,30642.735081,AUD,23524.427722,USD,23524.427722,23524.427722
Trade_7946,Swap,2041-06-03,25.173276,22058.515609,EUR,25125.752204,USD,25125.752204,25125.752204
Trade_3809,Swap,2041-06-03,25.173276,912426.610961,GBP,1312069.466562,USD,1312069.46656,1312069.46656
Trade_3643,Swap,2039-06-01,23.167797,31565.352766,AUD,24232.721318,USD,24232.721318,24232.721318
Trade_9044,Swap,2030-06-03,14.173276,-469742.808177,EUR,-535060.545654,USD,0.0,0.0
Trade_5687,Swap,2023-06-01,7.167797,53152.068342,JPY,472.723353,USD,472.723353,472.723353
Trade_3286,Swap,2038-06-01,22.167797,-217097.085815,USD,-217097.085815,USD,0.0,0.0
Trade_1852,Swap,2024-06-03,8.174863,135186.103951,GBP,194397.617481,USD,194397.617481,194397.617481
Trade_9610,Swap,2042-06-02,26.170537,181481.782179,USD,181481.782179,USD,181481.782179,181481.782179
Trade_9097,Swap,2026-06-01,10.167797,27643.995071,AUD,21222.295016,USD,21222.295016,21222.295016
Trade_4137,Swap,2040-06-01,24.169399,141518.406854,EUR,161196.541327,USD,161196.541327,161196.541327
Trade_6345,Swap,2023-06-01,7.167797,-521389.911588,EUR,-593889.178794,USD,0.0,0.0
Trade_4615,Swap,2040-06-01,24.169399,182605.066659,EUR,207996.301178,USD,207996.301178,207996.301178
Trade_4172,Swap,2038-06-01,22.167797,-659870.184395,AUD,-506582.340558,USD,0.0,0.0
Trade_7135,Swap,2038-06-01,22.167797,-440730.468066,GBP,-633770.413080,USD,0.0,0.0
Trade_6229,Swap,2045-06-01,29.167797,-309988.042492,GBP,-445762.805104,USD,0.0,0.0
Trade_2530,Swap,2044-06-01,28.169399,-18226.221246,EUR,-20760.577310,USD,0.0,0.0
Trade_8688,Swap,2028-06-01,12.169399,881993.072734,JPY,7844.261484,USD,7844.261484,7844.261484
Trade_5432,Swap,2043-06-01,27.167797,-244661.867377,EUR,-278682.100036,USD,0.0,0.0
Trade_1927,Swap,2040-06-01,24.169399,-335045.301898,GBP,-481795.144129,USD,0.0,0.0
Trade_4234,Swap,2019-06-03,3.173276,204177.115865,USD,204177.115865,USD,204177.115865,204177.115865
Trade_2958,Swap,2022-06-01,6.167797,-348710.417451,USD,-348710.417451,USD,0.0,0.0
Trade_3935,Swap,2020-06-01,4.169399,-46276.252096,AUD,-35526.278734,USD,0.0,0.0
Trade_2066,Swap,2026-06-01,10.167797,19164.094984,USD,19164.094984,USD,19164.094984,19164.094984
Trade_6429,Swap,2030-06-03,14.173276,449195.297561,GBP,645942.837893,USD,645942.837893,645942.837893
Trade_9027,Swap,2044-06-01,28.169399,151735.316856,GBP,218195.385638,USD,218195.385638,218195.385638
Trade_2598,Swap,2043-06-01,27.167797,-89989.490682,USD,-89989.490682,USD,0.0,0.0
Trade_7817,Swap,2019-06-03,3.173276,253850.323395,EUR,289148.210863,USD,289148.210863,289148.210863
Trade_9826,Swap,2035-06-01,19.167797,277130.692657,JPY,2464.742282,USD,2464.742282,2464.742282
Trade_3801,Swap,2044-06-01,28.169399,-24697.560237,EUR,-28131.755988,USD,0.0,0.0
Trade_8757,Swap,2021-06-01,5.167797,76281.970816,USD,76281.970816,USD,76281.970816,76281.970816
Trade_1627,Swap,2024-06-03,8.174863,-376805.725790,EUR,-429200.561961,USD,0.0,0.0
Trade_1376,Swap,2045-06-01,29.167797,183278.793817,JPY,1630.043169,USD,1630.043169,1630.043169
Trade_4477,Swap,2042-06-02,26.170537,564690.569088,EUR,643210.792719,USD,643210.792719,643210.792719
Trade_4123,Swap,2033-06-01,17.167797,-94035.889993,AUD,-72191.352747,USD,0.0,0.0
Trade_6104,Swap,2025-06-02,9.170537,-161441.277117,GBP,-232152.556494,USD,0.0,0.0
Trade_1691,Swap,2019-06-03,3.173276,3975.668371,GBP,5717.011118,USD,5717.011118,5717.011118
Trade_6979,Swap,2019-06-03,3.173276,-51134.833210,EUR,-58245.131768,USD,0.0,0.0
Trade_7529,Swap,2029-06-01,13.167797,126391.976004,GBP,181751.661494,USD,181751.661494,181751.661494
Trade_8263,Swap,2023-06-01,7.167797,-13186.076721,GBP,-18961.578325,USD,0.0,0.0
Trade_1000,Swap,2026-06-01,10.167797,53804.192882,EUR,61285.665902,USD,61285.665902,61285.665902
Trade_9407,Swap,2042-06-02,26.170537,-535731.199057,GBP,-770381.464245,USD,0.0,0.0
Trade_2293,Swap,2019-06-03,3.173276,105190.010031,JPY,935.537897,USD,935.537897,935.537897
Trade_1230,Swap,2045-06-01,29.167797,-708.524484,USD,-708.524484,USD,0.0,0.0
Trade_1699,Swap,2037-06-01,21.167797,-64572.330931,GBP,-92855.011879,USD,0.0,0.0
Trade_9091,Swap,2028-06-01,12.169399,-257972.548675,EUR,-293843.631568,USD,0.0,0.0
Trade_9063,Swap,2026-06-01,10.167797,10123.563070,EUR,11531.244515,USD,11531.244515,11531.244515
Trade_6415,Swap,2026-06-01,10.167797,43382.524053,JPY,385.835074,USD,385.835074,385.835074
Trade_6800,Swap,2042-06-02,26.170537,271161.048414,AUD,208170.336867,USD,208170.336867,208170.336867
Trade_5083,Swap,2045-06-01,29.167797,-999899.952033,EUR,-1138936.040363,USD,0.0,0.0
Trade_1795,Swap,2045-06-01,29.167797,151474.689656,AUD,116287.119249,USD,116287.119249,116287.119249
Trade_4028,Swap,2026-06-01,10.167797,112880.562181,AUD,86658.407586,USD,86658.407586,86658.407586
Trade_7880,Swap,2024-06-03,8.174863,-5692.596675,AUD,-4370.206468,USD,0.0,0.0
Trade_5755,Swap,2028-06-01,12.169399,23702.329499,GBP,34083.949820,USD,34083.94982,34083.94982
Trade_1120,Swap,2025-06-02,9.170537,44130.948418,USD,44130.948418,USD,44130.948418,44130.948418
Trade_5257,Swap,2039-06-01,23.167797,72324.080124,GBP,104002.027218,USD,104002.027218,104002.027218
Trade_6529,Swap,2021-06-01,5.167797,-80407.252669,AUD,-61728.647873,USD,0.0,0.0
Trade_8752,Swap,2033-06-01,17.167797,257169.382940,USD,257169.382940,USD,257169.38294,257169.38294
Trade_6977,Swap,2035-06-01,19.167797,984658.580922,JPY,8757.346991,USD,8757.346991,8757.346991
Trade_4349,Swap,2034-06-01,18.167797,-54465.274874,GBP,-78321.065268,USD,0.0,0.0
Trade_6428,Swap,2029-06-01,13.167797,-34708.336748,EUR,-39534.530973,USD,0.0,0.0
Trade_8420,Swap,2022-06-01,6.167797,-64507.056586,USD,-64507.056586,USD,0.0,0.0
Trade_9856,Swap,2029-06-01,13.167797,173783.571228,JPY,1545.594650,USD,1545.59465,1545.59465
Trade_8512,Swap,2030-06-03,14.173276,141164.117191,JPY,1255.484064,USD,1255.484064,1255.484064
Trade_3828,Swap,2036-06-02,20.172131,-187447.514814,USD,-187447.514814,USD,0.0,0.0
Trade_2312,Swap,2028-06-01,12.169399,139661.620826,GBP,200833.410748,USD,200833.410748,200833.410748
Trade_7146,Swap,2035-06-01,19.167797,-32437.971701,EUR,-36948.471667,USD,0.0,0.0
Trade_7870,Swap,2036-06-02,20.172131,-221391.923371,JPY,-1969.013353,USD,0.0,0.0
Trade_8926,Swap,2044-06-01,28.169399,-163928.330241,AUD,-125847.779126,USD,0.0,0.0
Trade_4204,Swap,2033-06-01,17.167797,-79978.082545,USD,-79978.082545,USD,0.0,0.0
Trade_1181,Swap,2038-06-01,22.167797,-85095.130007,GBP,-122366.796950,USD,0.0,0.0
Trade_7109,Swap,2028-06-01,12.169399,-55858.154094,GBP,-80324.025587,USD,0.0,0.0
Trade_7848,Swap,2026-06-01,10.167797,-409199.349672,EUR,-466098.519244,USD,0.0,0.0
Trade_4367,Swap,2025-06-02,9.170537,32321.192382,GBP,46477.874645,USD,46477.874645,46477.874645
Trade_9229,Swap,2027-06-01,11.167797,-20086.546299,GBP,-28884.453579,USD,0.0,0.0
Trade_7747,Swap,2029-06-01,13.167797,35967.195191,GBP,51720.826685,USD,51720.826685,51720.826685
Trade_9862,Swap,2022-06-01,6.167797,-13334.471387,GBP,-19174.969855,USD,0.0,0.0
Trade_2525,Swap,2031-06-02,15.170537,86297.854069,GBP,124096.314151,USD,124096.314151,124096.314151
Trade_8531,Swap,2019-06-03,3.173276,-100122.682910,GBP,-143976.418025,USD,0.0,0.0
Trade_2481,Swap,2027-06-01,11.167797,-208545.499279,GBP,-299888.427964,USD,0.0,0.0
Trade_4569,Swap,2040-06-01,24.169399,-907431.006052,GBP,-1304885.786703,USD,0.0,0.0
Trade_4673,Swap,2028-06-01,12.169399,-26697.723362,GBP,-38391.326195,USD,0.0,0.0
Trade_7036,Swap,2029-06-01,13.167797,624542.481503,GBP,898092.088402,USD,898092.088402,898092.088402
Trade_6487,Swap,2038-06-01,22.167797,-758911.836265,GBP,-1091315.220550,USD,0.0,0.0
Trade_5412,Swap,2029-06-01,13.167797,122312.915136,GBP,175885.971966,USD,175885.971966,175885.971966
Trade_8728,Swap,2029-06-01,13.167797,282089.773479,GBP,405645.094263,USD,405645.094263,405645.094263
Trade_2499,Swap,2035-06-01,19.167797,-61901.300898,GBP,-89014.070691,USD,0.0,0.0
Trade_5487,Swap,2026-06-01,10.167797,-519696.694875,GBP,-747323.847231,USD,0.0,0.0
Trade_1700,Swap,2036-06-02,20.172131,-15228.459477,GBP,-21898.524728,USD,0.0,0.0
Trade_4782,Swap,2036-06-02,20.172131,26177.811082,GBP,37643.692336,USD,37643.692336,37643.692336
Trade_3640,Swap,2023-06-01,7.167797,-67150.231865,GBP,-96562.033422,USD,0.0,0.0
Trade_8528,Swap,2029-06-01,13.167797,-12659.369471,GBP,-18204.173300,USD,0.0,0.0
Trade_9802,Swap,2024-06-03,8.174863,122072.693276,GBP,175540.532931,USD,175540.532931,175540.532931
Trade_7899,Swap,2029-06-01,13.167797,347231.043142,GBP,499318.240039,USD,499318.240039,499318.240039
Trade_8884,Swap,2025-06-02,9.170537,-63989.294941,GBP,-92016.606125,USD,0.0,0.0
Trade_8519,Swap,2040-06-01,24.169399,209000.592737,GBP,300542.852356,USD,300542.852356,300542.852356
Trade_3939,Swap,2025-06-02,9.170537,-100789.522664,GBP,-144935.333591,USD,0.0,0.0
Trade_1053,Swap,2033-06-01,17.167797,23679.277779,GBP,34050.801446,USD,34050.801446,34050.801446
Trade_1155,Swap,2037-06-01,21.167797,-523341.019094,AUD,-401768.900357,USD,0.0,0.0
Trade_7356,Swap,2040-06-01,24.169399,-24949.265165,EUR,-28418.460487,USD,0.0,0.0
Trade_6337,Swap,2040-06-01,24.169399,260801.495597,USD,260801.495597,USD,260801.495597,260801.495597
Trade_9151,Swap,2043-06-01,27.167797,50547.057186,USD,50547.057186,USD,50547.057186,50547.057186
Trade_7665,Swap,2027-06-01,11.167797,-301728.966569,USD,-301728.966569,USD,0.0,0.0
Trade_1092,Swap,2039-06-01,23.167797,46431.978228,GBP,66769.184692,USD,66769.184692,66769.184692
Trade_9004,Swap,2020-06-01,4.169399,-20904.374039,USD,-20904.374039,USD,0.0,0.0
Trade_2882,Swap,2036-06-02,20.172131,726152.834850,EUR,827124.386536,USD,827124.386536,827124.386536
Trade_8793,Swap,2021-06-01,5.167797,194976.892050,EUR,222088.428890,USD,222088.42889,222088.42889
Trade_9755,Swap,2038-06-01,22.167797,1091092.594267,JPY,9703.948792,USD,9703.948792,9703.948792
Trade_8256,Swap,2038-06-01,22.167797,-93438.389690,GBP,-134364.404374,USD,0.0,0.0
Trade_5082,Swap,2045-06-01,29.167797,389340.094451,USD,389340.094451,USD,389340.094451,389340.094451
Trade_1759,Swap,2031-06-02,15.170537,120624.185337,USD,120624.185337,USD,120624.185337,120624.185337
Trade_2458,Swap,2020-06-01,4.169399,261280.441442,EUR,297611.486824,USD,297611.486824,297611.486824
Trade_7325,Swap,2029-06-01,13.167797,110.297702,GBP,158.608096,USD,158.608096,158.608096
Trade_9355,Swap,2024-06-03,8.174863,10080.756463,AUD,7738.996737,USD,7738.996737,7738.996737
Trade_5274,Swap,2044-06-01,28.169399,862761.417769,EUR,982728.392910,USD,982728.39291,982728.39291
Trade_8101,Swap,2044-06-01,28.169399,-119048.996596,AUD,-91393.914686,USD,0.0,0.0
Trade_2342,Swap,2044-06-01,28.169399,-470208.901667,EUR,-535591.449444,USD,0.0,0.0
Trade_6414,Swap,2042-06-02,26.170537,-206818.067530,GBP,-297404.381108,USD,0.0,0.0
Trade_1863,Swap,2024-06-03,8.174863,87236.766710,EUR,99367.039121,USD,99367.039121,99367.039121
Trade_4690,Swap,2034-06-01,18.167797,139542.377883,EUR,158945.745528,USD,158945.745528,158945.745528
Trade_1384,Swap,2028-06-01,12.169399,131487.704934,USD,131487.704934,USD,131487.704934,131487.704934
Trade_3854,Swap,2035-06-01,19.167797,560527.443680,GBP,806038.464012,USD,806038.464012,806038.464012
Trade_7868,Swap,2031-06-02,15.170537,-253246.742378,JPY,-2252.323435,USD,0.0,0.0
Trade_6411,Swap,2042-06-02,26.170537,-287538.418682,EUR,-327520.635800,USD,0.0,0.0
Trade_8807,Swap,2024-06-03,8.174863,81604.895437,GBP,117347.839639,USD,117347.839639,117347.839639
Trade_4993,Swap,2033-06-01,17.167797,-258871.395540,USD,-258871.395540,USD,0.0,0.0
Trade_4698,Swap,2045-06-01,29.167797,756341.261456,AUD,580643.186418,USD,580643.186418,580643.186418
Trade_3989,Swap,2024-06-03,8.174863,122347.303101,USD,122347.303101,USD,122347.303101,122347.303101
Trade_4321,Swap,2021-06-01,5.167797,183232.219429,USD,183232.219429,USD,183232.219429,183232.219429
Trade_3022,Swap,2043-06-01,27.167797,79167.589586,GBP,113842.993825,USD,113842.993825,113842.993825
Trade_6257,Swap,2038-06-01,22.167797,3645.659739,AUD,2798.772982,USD,2798.772982,2798.772982
Trade_2354,Swap,2038-06-01,22.167797,-32347.773102,JPY,-287.694312,USD,0.0,0.0
Trade_7691,Swap,2020-06-01,4.169399,31316.211305,EUR,35670.730487,USD,35670.730487,35670.730487
Trade_7043,Swap,2026-06-01,10.167797,15842.086593,EUR,18044.928734,USD,18044.928734,18044.928734
Trade_4523,Swap,2025-06-02,9.170537,144558.822981,AUD,110977.808402,USD,110977.808402,110977.808402
Trade_2646,Swap,2025-06-02,9.170537,128184.597853,USD,128184.597853,USD,128184.597853,128184.597853
Trade_8701,Swap,2023-06-01,7.167797,305551.352413,JPY,2717.509671,USD,2717.509671,2717.509671
Trade_7029,Swap,2032-06-01,16.169399,61500.538654,USD,61500.538654,USD,61500.538654,61500.538654
Trade_4580,Swap,2041-06-03,25.173276,361920.105656,JPY,3218.841545,USD,3218.841545,3218.841545
Trade_9827,Swap,2040-06-01,24.169399,221321.364106,EUR,252096.099785,USD,252096.099785,252096.099785
Trade_9775,Swap,2032-06-01,16.169399,-237465.767730,JPY,-2111.970755,USD,0.0,0.0
Trade_3994,Swap,2031-06-02,15.170537,231793.982494,JPY,2061.527086,USD,2061.527086,2061.527086
Trade_9724,Swap,2019-06-03,3.173276,26007.036464,JPY,231.301130,USD,231.30113,231.30113
Trade_1798,Swap,2035-06-01,19.167797,-172357.197131,GBP,-247849.649475,USD,0.0,0.0
Trade_6777,Swap,2022-06-01,6.167797,-587601.997992,EUR,-669308.055813,USD,0.0,0.0
Trade_4515,Swap,2028-06-01,12.169399,-38338.504415,AUD,-29432.469839,USD,0.0,0.0
Trade_2169,Swap,2034-06-01,18.167797,260897.182050,USD,260897.182050,USD,260897.18205,260897.18205
Trade_3676,Swap,2037-06-01,21.167797,9946.512870,AUD,7635.937931,USD,7635.937931,7635.937931
Trade_2607,Swap,2021-06-01,5.167797,-120168.795406,AUD,-92253.584233,USD,0.0,0.0
Trade_5345,Swap,2045-06-01,29.167797,-1152743.049475,JPY,-10252.255016,USD,0.0,0.0
Trade_7917,Swap,2027-06-01,11.167797,327866.678275,USD,327866.678275,USD,327866.678275,327866.678275
Trade_4968,Swap,2044-06-01,28.169399,-655298.928569,EUR,-746418.244587,USD,0.0,0.0
Trade_1416,Swap,2023-06-01,7.167797,-52014.345635,JPY,-462.604686,USD,0.0,0.0
Trade_7317,Swap,2036-06-02,20.172131,321170.732182,EUR,365829.522491,USD,365829.522491,365829.522491
Trade_5859,Swap,2024-06-03,8.174863,33117.668837,USD,33117.668837,USD,33117.668837,33117.668837
Trade_7138,Swap,2044-06-01,28.169399,-231748.961630,JPY,-2061.126680,USD,0.0,0.0
Trade_5621,Swap,2019-06-03,3.173276,51750.436343,JPY,460.257532,USD,460.257532,460.257532
Trade_1515,Swap,2031-06-02,15.170537,18320.511793,AUD,14064.656904,USD,14064.656904,14064.656904
Trade_9298,Swap,2044-06-01,28.169399,218445.471530,JPY,1942.808228,USD,1942.808228,1942.808228
Trade_6088,Swap,2043-06-01,27.167797,182584.070032,USD,182584.070032,USD,182584.070032,182584.070032
Trade_7173,Swap,2023-06-01,7.167797,-103530.677503,AUD,-79480.501119,USD,0.0,0.0
Trade_2022,Swap,2029-06-01,13.167797,678175.167439,JPY,6031.547764,USD,6031.547764,6031.547764
Trade_5674,Swap,2027-06-01,11.167797,288.273384,GBP,414.537126,USD,414.537126,414.537126
Trade_6205,Swap,2043-06-01,27.167797,-279037.219448,EUR,-317837.344812,USD,0.0,0.0
Trade_7283,Swap,2040-06-01,24.169399,549212.206594,USD,549212.206594,USD,549212.206594,549212.206594
Trade_3378,Swap,2023-06-01,7.167797,-155155.982668,GBP,-223114.303076,USD,0.0,0.0
Trade_6183,Swap,2023-06-01,7.167797,3166.500724,USD,3166.500724,USD,3166.500724,3166.500724
Trade_1391,Swap,2027-06-01,11.167797,-106266.724438,USD,-106266.724438,USD,0.0,0.0
Trade_3482,Swap,2040-06-01,24.169399,-527708.052597,AUD,-405121.471978,USD,0.0,0.0
Trade_8280,Swap,2022-06-01,6.167797,-117503.874468,USD,-117503.874468,USD,0.0,0.0
Trade_1723,Swap,2031-06-02,15.170537,4192.986709,JPY,37.291545,USD,37.291545,37.291545
Trade_9193,Swap,2045-06-01,29.167797,-98956.099583,JPY,-880.094804,USD,0.0,0.0
Trade_1920,Swap,2019-06-03,3.173276,103337.393300,JPY,919.061112,USD,919.061112,919.061112
Trade_5337,Swap,2027-06-01,11.167797,61982.817210,JPY,551.262182,USD,551.262182,551.262182
Trade_6109,Swap,2045-06-01,29.167797,115655.645218,EUR,131737.562685,USD,131737.562685,131737.562685
Trade_1081,Swap,2021-06-01,5.167797,115384.347592,EUR,131428.541125,USD,131428.541125,131428.541125
Trade_2360,Swap,2044-06-01,28.169399,-381074.639326,EUR,-434063.067924,USD,0.0,0.0
Trade_6761,Swap,2037-06-01,21.167797,396611.218949,GBP,570326.932849,USD,570326.932849,570326.932849
Trade_9540,Swap,2043-06-01,27.167797,-246090.142773,JPY,-2188.674138,USD,0.0,0.0
Trade_7475,Swap,2038-06-01,22.167797,-33404.932630,USD,-33404.932630,USD,0.0,0.0
Trade_4346,Swap,2045-06-01,29.167797,9648.636041,GBP,13874.738627,USD,13874.738627,13874.738627
Trade_9017,Swap,2037-06-01,21.167797,-263002.959977,JPY,-2339.093189,USD,0.0,0.0
Trade_7648,Swap,2040-06-01,24.169399,-365977.825757,AUD,-280961.176833,USD,0.0,0.0
Trade_4676,Swap,2035-06-01,19.167797,-325879.650299,AUD,-250177.807534,USD,0.0,0.0
Trade_9494,Swap,2038-06-01,22.167797,167866.237286,JPY,1492.967122,USD,1492.967122,1492.967122
Trade_7441,Swap,2030-06-03,14.173276,-118281.965725,AUD,-90805.065087,USD,0.0,0.0
Trade_6115,Swap,2039-06-01,23.167797,198000.454877,AUD,152004.949208,USD,152004.949208,152004.949208
Trade_1836,Swap,2019-06-03,3.173276,4157.692830,AUD,3191.860785,USD,3191.860785,3191.860785
Trade_6808,Swap,2037-06-01,21.167797,295378.823840,EUR,336451.249295,USD,336451.249295,336451.249295
Trade_3045,Swap,2021-06-01,5.167797,21634.156479,GBP,31109.917017,USD,31109.917017,31109.917017
Trade_4899,Swap,2039-06-01,23.167797,30092.137014,AUD,23101.733586,USD,23101.733586,23101.733586
Trade_8153,Swap,2032-06-01,16.169399,-438437.048836,USD,-438437.048836,USD,0.0,0.0
Trade_8397,Swap,2019-06-03,3.173276,-176729.784913,AUD,-135675.455877,USD,0.0,0.0
Trade_6275,Swap,2024-06-03,8.174863,491590.335111,JPY,4372.101381,USD,4372.101381,4372.101381
Trade_8510,Swap,2028-06-01,12.169399,63752.375336,EUR,72617.143126,USD,72617.143126,72617.143126
Trade_1471,Swap,2036-06-02,20.172131,-516613.568714,GBP,-742890.311811,USD,0.0,0.0
Trade_5935,Swap,2035-06-01,19.167797,-518668.028639,USD,-518668.028639,USD,0.0,0.0
Trade_5086,Swap,2023-06-01,7.167797,-456054.368758,AUD,-350112.938894,USD,0.0,0.0
Trade_3767,Swap,2019-06-03,3.173276,9185.908234,USD,9185.908234,USD,9185.908234,9185.908234
Trade_1160,Swap,2039-06-01,23.167797,168495.821049,EUR,191925.164966,USD,191925.164966,191925.164966
Trade_4737,Swap,2028-06-01,12.169399,140664.134116,USD,140664.134116,USD,140664.134116,140664.134116
Trade_5118,Swap,2036-06-02,20.172131,-379635.718909,JPY,-3376.400495,USD,0.0,0.0
Trade_9264,Swap,2032-06-01,16.169399,-123688.755127,AUD,-94955.857310,USD,0.0,0.0
Trade_7517,Swap,2028-06-01,12.169399,241156.336378,EUR,274689.124952,USD,274689.124952,274689.124952
Trade_2996,Swap,2034-06-01,18.167797,53337.206316,GBP,76698.902682,USD,76698.902682,76698.902682
Trade_1861,Swap,2039-06-01,23.167797,630007.677444,AUD,483656.893972,USD,483656.893972,483656.893972
Trade_9344,Swap,2038-06-01,22.167797,214093.088660,EUR,243862.732638,USD,243862.732638,243862.732638
Trade_3509,Swap,2037-06-01,21.167797,63335.488358,AUD,48622.654412,USD,48622.654412,48622.654412
Trade_2974,Swap,2038-06-01,22.167797,-14067.608552,JPY,-125.114361,USD,0.0,0.0
Trade_8838,Swap,2041-06-03,25.173276,1433224.400361,AUD,1100286.372153,USD,1100286.37215,1100286.37215
Trade_3894,Swap,2037-06-01,21.167797,848529.756813,AUD,651416.294303,USD,651416.294303,651416.294303
Trade_1360,Swap,2044-06-01,28.169399,-12543.992722,EUR,-14288.234910,USD,0.0,0.0
Trade_8796,Swap,2042-06-02,26.170537,665077.627540,AUD,510580.094660,USD,510580.09466,510580.09466
Trade_7223,Swap,2043-06-01,27.167797,51599.693681,EUR,58774.631087,USD,58774.631087,58774.631087
Trade_9776,Swap,2035-06-01,19.167797,131249.149208,EUR,149499.343406,USD,149499.343406,149499.343406
Trade_1685,Swap,2019-06-03,3.173276,-243342.914824,EUR,-277179.747131,USD,0.0,0.0
Trade_1955,Swap,2037-06-01,21.167797,271131.084383,USD,271131.084383,USD,271131.084383,271131.084383
Trade_8518,Swap,2022-06-01,6.167797,-15526.459436,AUD,-11919.662909,USD,0.0,0.0
Trade_4375,Swap,2025-06-02,9.170537,-207351.567734,AUD,-159183.798549,USD,0.0,0.0
Trade_4251,Swap,2036-06-02,20.172131,137471.555513,EUR,156586.975308,USD,156586.975308,156586.975308
Trade_5955,Swap,2035-06-01,19.167797,463164.603596,GBP,666030.699971,USD,666030.699971,666030.699971
Trade_9950,Swap,2024-06-03,8.174863,238718.822789,AUD,183264.440254,USD,183264.440254,183264.440254
Trade_5216,Swap,2045-06-01,29.167797,-59338.984914,EUR,-67590.070766,USD,0.0,0.0
Trade_5774,Swap,2035-06-01,19.167797,374499.881797,JPY,3330.723437,USD,3330.723437,3330.723437
Trade_7788,Swap,2032-06-01,16.169399,-188348.421611,USD,-188348.421611,USD,0.0,0.0
Trade_5690,Swap,2037-06-01,21.167797,51244.236582,USD,51244.236582,USD,51244.236582,51244.236582
Trade_2085,Swap,2026-06-01,10.167797,-9412.442563,GBP,-13535.092406,USD,0.0,0.0
Trade_7865,Swap,2034-06-01,18.167797,-112156.963781,AUD,-86102.901095,USD,0.0,0.0
Trade_1207,Swap,2034-06-01,18.167797,-29021.928146,AUD,-22280.134238,USD,0.0,0.0
Trade_7281,Swap,2030-06-03,14.173276,271533.501993,GBP,390465.175866,USD,390465.175866,390465.175866
Trade_6743,Swap,2041-06-03,25.173276,21152.692510,USD,21152.692510,USD,21152.69251,21152.69251
Trade_2854,Swap,2021-06-01,5.167797,-87528.095978,AUD,-67195.319282,USD,0.0,0.0
Trade_8975,Swap,2036-06-02,20.172131,206013.691776,GBP,296247.688775,USD,296247.688775,296247.688775
Trade_9898,Swap,2034-06-01,18.167797,-185967.028879,USD,-185967.028879,USD,0.0,0.0
Trade_2571,Swap,2037-06-01,21.167797,1474872.323330,EUR,1679953.319890,USD,1679953.31989,1679953.31989
Trade_4065,Swap,2028-06-01,12.169399,425906.428800,EUR,485128.717725,USD,485128.717725,485128.717725
Trade_8972,Swap,2038-06-01,22.167797,-83639.878981,JPY,-743.875549,USD,0.0,0.0
Trade_4152,Swap,2044-06-01,28.169399,491945.133379,AUD,377666.278894,USD,377666.278894,377666.278894
Trade_2155,Swap,2039-06-01,23.167797,15626.764171,JPY,138.981164,USD,138.981164,138.981164
Trade_5683,Swap,2025-06-02,9.170537,-432425.182131,GBP,-621827.411905,USD,0.0,0.0
Trade_2502,Swap,2023-06-01,7.167797,-336963.681391,JPY,-2996.884340,USD,0.0,0.0
Trade_9577,Swap,2024-06-03,8.174863,-10552.011316,AUD,-8100.779087,USD,0.0,0.0
Trade_3931,Swap,2022-06-01,6.167797,-19964.751021,USD,-19964.751021,USD,0.0,0.0
Trade_3170,Swap,2030-06-03,14.173276,227924.221057,GBP,327755.029880,USD,327755.02988,327755.02988
Trade_5103,Swap,2042-06-02,26.170537,-122801.240456,USD,-122801.240456,USD,0.0,0.0
Trade_2426,Swap,2042-06-02,26.170537,36916.371512,AUD,28340.698409,USD,28340.698409,28340.698409
Trade_3916,Swap,2045-06-01,29.167797,408536.868038,EUR,465343.919539,USD,465343.919539,465343.919539
Trade_3107,Swap,2041-06-03,25.173276,-550751.117338,GBP,-791980.106732,USD,0.0,0.0
Trade_2104,Swap,2035-06-01,19.167797,118559.706869,GBP,170488.858478,USD,170488.858478,170488.858478
Trade_1201,Swap,2023-06-01,7.167797,-414208.501646,GBP,-595631.825367,USD,0.0,0.0
Trade_6503,Swap,2025-06-02,9.170537,57724.207992,GBP,83007.411092,USD,83007.411092,83007.411092
Trade_4410,Swap,2040-06-01,24.169399,560550.688692,GBP,806071.890339,USD,806071.890339,806071.890339
Trade_9656,Swap,2031-06-02,15.170537,-34170.980203,GBP,-49137.869532,USD,0.0,0.0
Trade_1232,Swap,2028-06-01,12.169399,253324.197534,GBP,364280.196054,USD,364280.196054,364280.196054
Trade_4887,Swap,2044-06-01,28.169399,-129480.333127,GBP,-186192.719037,USD,0.0,0.0
Trade_9007,Swap,2035-06-01,19.167797,129444.860680,GBP,186141.709657,USD,186141.709657,186141.709657
Trade_2769,Swap,2025-06-02,9.170537,-11326.698671,GBP,-16287.792689,USD,0.0,0.0
Trade_3028,Swap,2029-06-01,13.167797,-82609.804214,GBP,-118792.898460,USD,0.0,0.0
Trade_8778,Swap,2024-06-03,8.174863,39910.288406,GBP,57390.994727,USD,57390.994727,57390.994727
Trade_8995,Swap,2025-06-02,9.170537,342035.661166,GBP,491847.280756,USD,491847.280756,491847.280756
Trade_2103,Swap,2020-06-01,4.169399,-16852.307910,GBP,-24233.618775,USD,0.0,0.0
Trade_6631,Swap,2029-06-01,13.167797,-333113.979291,GBP,-479017.902221,USD,0.0,0.0
Trade_2463,Swap,2037-06-01,21.167797,-35479.278254,GBP,-51019.202130,USD,0.0,0.0
Trade_9751,Swap,2032-06-01,16.169399,-371207.309789,GBP,-533796.111476,USD,0.0,0.0
Trade_4409,Swap,2037-06-01,21.167797,-910808.397340,GBP,-1309742.475375,USD,0.0,0.0
Trade_8577,Swap,2030-06-03,14.173276,-114768.205108,GBP,-165036.678946,USD,0.0,0.0
Trade_4709,Swap,2030-06-03,14.173276,384948.709101,GBP,553556.243688,USD,553556.243688,553556.243688
Trade_8142,Swap,2027-06-01,11.167797,-164039.785562,GBP,-235889.211639,USD,0.0,0.0
Trade_7540,Swap,2027-06-01,11.167797,-359969.798373,GBP,-517636.570061,USD,0.0,0.0
Trade_3975,Swap,2019-06-03,3.173276,-12915.810998,GBP,-18572.936216,USD,0.0,0.0
Trade_9170,Swap,2034-06-01,18.167797,40007.354565,GBP,57530.575865,USD,57530.575865,57530.575865
Trade_5407,Swap,2040-06-01,24.169399,52573.866782,GBP,75601.220432,USD,75601.220432,75601.220432
Trade_4117,Swap,2040-06-01,24.169399,687816.988388,GBP,989080.829303,USD,989080.829303,989080.829303
Trade_1024,Swap,2045-06-01,29.167797,-84473.269057,EUR,-96219.277120,USD,0.0,0.0
Trade_6422,Swap,2020-06-01,4.169399,22300.024975,EUR,25400.843448,USD,25400.843448,25400.843448
Trade_5538,Swap,2026-06-01,10.167797,-8933.969190,EUR,-10176.237606,USD,0.0,0.0
Trade_8129,Swap,2043-06-01,27.167797,26245.621737,EUR,29895.075440,USD,29895.07544,29895.07544
Trade_5288,Swap,2045-06-01,29.167797,-53616.183467,EUR,-61071.513778,USD,0.0,0.0
Trade_9158,Swap,2042-06-02,26.170537,-153653.201292,EUR,-175018.678932,USD,0.0,0.0
Trade_7468,Swap,2037-06-01,21.167797,350573.747450,EUR,399321.027033,USD,399321.027033,399321.027033
Trade_3127,Swap,2040-06-01,24.169399,-19480.940502,EUR,-22189.765279,USD,0.0,0.0
Trade_8703,Swap,2020-06-01,4.169399,379495.306173,EUR,432264.128496,USD,432264.128496,432264.128496
Trade_8590,Swap,2036-06-02,20.172131,580394.691334,EUR,661098.573164,USD,661098.573164,661098.573164
Trade_4614,Swap,2021-06-01,5.167797,-627.696148,EUR,-714.977298,USD,0.0,0.0
Trade_7058,Swap,2019-06-03,3.173276,15784.848878,EUR,17979.732115,USD,17979.732115,17979.732115
Trade_6056,Swap,2044-06-01,28.169399,1033394.971738,EUR,1177088.542559,USD,1177088.54256,1177088.54256
Trade_5721,Swap,2029-06-01,13.167797,659181.934427,EUR,750841.182409,USD,750841.182409,750841.182409
Trade_5448,Swap,2021-06-01,5.167797,12449.260093,EUR,14180.329709,USD,14180.329709,14180.329709
Trade_4528,Swap,2034-06-01,18.167797,5805.328112,EUR,6612.558986,USD,6612.558986,6612.558986
Trade_5760,Swap,2033-06-01,17.167797,-695254.265862,EUR,-791929.371530,USD,0.0,0.0
Trade_7186,Swap,2027-06-01,11.167797,-262873.350634,EUR,-299425.890040,USD,0.0,0.0
Trade_5599,Swap,2039-06-01,23.167797,470791.708153,EUR,536255.295172,USD,536255.295172,536255.295172
Trade_3246,Swap,2040-06-01,24.169399,-43112.935944,EUR,-49107.789687,USD,0.0,0.0
Trade_7104,Swap,2031-06-02,15.170537,-248935.257654,EUR,-283549.705230,USD,0.0,0.0
Trade_6963,Swap,2037-06-01,21.167797,458186.450955,EUR,521897.276960,USD,521897.27696,521897.27696
Trade_7354,Swap,2019-06-03,3.173276,-29075.334346,EUR,-33118.259586,USD,0.0,0.0
Trade_5324,Swap,2039-06-01,23.167797,-320684.888993,EUR,-365276.122807,USD,0.0,0.0
Trade_1465,Swap,2036-06-02,20.172131,878776.514762,EUR,1000970.389140,USD,1000970.38914,1000970.38914
Trade_2254,Swap,2027-06-01,11.167797,-8266.531883,JPY,-73.520802,USD,0.0,0.0
Trade_2516,Swap,2029-06-01,13.167797,-448914.874635,EUR,-511336.487953,USD,0.0,0.0
Trade_5925,Swap,2043-06-01,27.167797,-186172.735529,GBP,-267716.393691,USD,0.0,0.0
Trade_3525,Swap,2036-06-02,20.172131,52940.002695,GBP,76127.723876,USD,76127.723876,76127.723876
Trade_2879,Swap,2043-06-01,27.167797,-273091.299687,GBP,-392705.288950,USD,0.0,0.0
Trade_2871,Swap,2042-06-02,26.170537,-20746.638368,GBP,-29833.665973,USD,0.0,0.0
Trade_4166,Swap,2028-06-01,12.169399,12532.011403,GBP,18021.032397,USD,18021.032397,18021.032397
Trade_5009,Swap,2043-06-01,27.167797,354336.408261,JPY,3151.393730,USD,3151.39373,3151.39373
Trade_1903,Swap,2042-06-02,26.170537,157419.470823,JPY,1400.055771,USD,1400.055771,1400.055771
Trade_7929,Swap,2021-06-01,5.167797,115482.606156,AUD,88655.996746,USD,88655.996746,88655.996746
Trade_4995,Swap,2035-06-01,19.167797,-24760.515486,USD,-24760.515486,USD,0.0,0.0
Trade_1641,Swap,2029-06-01,13.167797,187553.294555,USD,187553.294555,USD,187553.294555,187553.294555
Trade_5528,Swap,2031-06-02,15.170537,9411.676726,USD,9411.676726,USD,9411.676726,9411.676726
Trade_1970,Swap,2019-06-03,3.173276,-28858.634775,USD,-28858.634775,USD,0.0,0.0
Trade_2031,Swap,2025-06-02,9.170537,-58983.421193,JPY,-524.586183,USD,0.0,0.0
Trade_6027,Swap,2042-06-02,26.170537,332040.589008,EUR,378210.832910,USD,378210.83291,378210.83291
Trade_6363,Swap,2037-06-01,21.167797,74857.501780,AUD,57468.104117,USD,57468.104117,57468.104117
Trade_7894,Swap,2045-06-01,29.167797,-241821.446039,EUR,-275446.718111,USD,0.0,0.0
Trade_7486,Swap,2041-06-03,25.173276,293146.761013,AUD,225048.768429,USD,225048.768429,225048.768429
Trade_7074,Swap,2022-06-01,6.167797,-43829.645026,EUR,-49924.157166,USD,0.0,0.0
Trade_7766,Swap,2027-06-01,11.167797,58771.249206,GBP,84513.056358,USD,84513.056358,84513.056358
Trade_5889,Swap,2034-06-01,18.167797,277107.852175,USD,277107.852175,USD,277107.852175,277107.852175
Trade_4557,Swap,2027-06-01,11.167797,175248.554087,USD,175248.554087,USD,175248.554087,175248.554087
Trade_2902,Swap,2022-06-01,6.167797,101219.329359,GBP,145553.395618,USD,145553.395618,145553.395618
Trade_3958,Swap,2042-06-02,26.170537,202171.333349,AUD,155206.932611,USD,155206.932611,155206.932611
Trade_5992,Swap,2030-06-03,14.173276,39158.124932,GBP,56309.383653,USD,56309.383653,56309.383653
Trade_8521,Swap,2042-06-02,26.170537,-384386.112898,EUR,-437835.001897,USD,0.0,0.0
Trade_9667,Swap,2023-06-01,7.167797,144781.699484,EUR,164913.594797,USD,164913.594797,164913.594797
Trade_3406,Swap,2021-06-01,5.167797,-227748.707547,EUR,-259417.165332,USD,0.0,0.0
Trade_7520,Swap,2039-06-01,23.167797,-85035.997706,JPY,-756.292336,USD,0.0,0.0
Trade_8381,Swap,2042-06-02,26.170537,85931.062268,JPY,764.252853,USD,764.252853,764.252853
Trade_9385,Swap,2036-06-02,20.172131,-215877.662632,GBP,-310432.078865,USD,0.0,0.0
Trade_2862,Swap,2044-06-01,28.169399,-108784.480162,EUR,-123910.962129,USD,0.0,0.0
Trade_7533,Swap,2023-06-01,7.167797,101934.954107,GBP,146582.464005,USD,146582.464005,146582.464005
Trade_5518,Swap,2024-06-03,8.174863,106128.606351,JPY,943.885576,USD,943.885576,943.885576
Trade_5426,Swap,2042-06-02,26.170537,410071.320652,JPY,3647.088357,USD,3647.088357,3647.088357
Trade_5847,Swap,2028-06-01,12.169399,-125230.589999,AUD,-96139.523942,USD,0.0,0.0
Trade_8213,Swap,2019-06-03,3.173276,17024.202992,AUD,13069.480637,USD,13069.480637,13069.480637
Trade_1346,Swap,2028-06-01,12.169399,-5374.357999,JPY,-47.798413,USD,0.0,0.0
Trade_5003,Swap,2045-06-01,29.167797,151590.739613,JPY,1348.216258,USD,1348.216258,1348.216258
Trade_5817,Swap,2020-06-01,4.169399,109035.134670,GBP,156792.523656,USD,156792.523656,156792.523656
Trade_9697,Swap,2021-06-01,5.167797,-292225.500771,EUR,-332859.456654,USD,0.0,0.0
Trade_1620,Swap,2039-06-01,23.167797,7958.895456,USD,7958.895456,USD,7958.895456,7958.895456
Trade_4623,Swap,2033-06-01,17.167797,37078.753804,AUD,28465.359295,USD,28465.359295,28465.359295
Trade_6760,Swap,2040-06-01,24.169399,1402122.583701,EUR,1597087.728965,USD,1597087.72897,1597087.72897
Trade_1078,Swap,2038-06-01,22.167797,-198616.971375,GBP,-285611.204837,USD,0.0,0.0
Trade_8819,Swap,2020-06-01,4.169399,-80295.199383,JPY,-714.128670,USD,0.0,0.0
Trade_2030,Swap,2020-06-01,4.169399,-56188.900145,GBP,-80799.638408,USD,0.0,0.0
Trade_2131,Swap,2019-06-03,3.173276,-23637.175674,USD,-23637.175674,USD,0.0,0.0
Trade_9338,Swap,2033-06-01,17.167797,-100234.820009,JPY,-891.467475,USD,0.0,0.0
Trade_3474,Swap,2019-06-03,3.173276,-36336.014472,JPY,-323.164895,USD,0.0,0.0
Trade_7679,Swap,2042-06-02,26.170537,-929378.765152,EUR,-1058608.882447,USD,0.0,0.0
Trade_5442,Swap,2025-06-02,9.170537,173001.558788,GBP,248776.241537,USD,248776.241537,248776.241537
Trade_2335,Swap,2029-06-01,13.167797,272886.409575,AUD,209494.896630,USD,209494.89663,209494.89663
Trade_5467,Swap,2040-06-01,24.169399,-45814.506318,GBP,-65881.260086,USD,0.0,0.0
Trade_1687,Swap,2042-06-02,26.170537,-680429.016539,AUD,-522365.355995,USD,0.0,0.0
Trade_3518,Swap,2037-06-01,21.167797,1122711.295938,EUR,1278824.301639,USD,1278824.30164,1278824.30164
Trade_7055,Swap,2029-06-01,13.167797,-520559.432314,USD,-520559.432314,USD,0.0,0.0
Trade_9872,Swap,2044-06-01,28.169399,458139.628881,GBP,658804.786332,USD,658804.786332,658804.786332
Trade_2590,Swap,2025-06-02,9.170537,227829.878062,JPY,2026.271172,USD,2026.271172,2026.271172
Trade_8426,Swap,2037-06-01,21.167797,47111.438433,AUD,36167.451285,USD,36167.451285,36167.451285
Trade_4746,Swap,2027-06-01,11.167797,5840.824876,JPY,51.947072,USD,51.947072,51.947072
Trade_9669,Swap,2037-06-01,21.167797,-140612.896113,JPY,-1250.581619,USD,0.0,0.0
Trade_1877,Swap,2020-06-01,4.169399,-35316.592314,GBP,-50785.259748,USD,0.0,0.0
Trade_5699,Swap,2027-06-01,11.167797,-357209.386098,USD,-357209.386098,USD,0.0,0.0
Trade_8753,Swap,2043-06-01,27.167797,-13273.505763,EUR,-15119.186739,USD,0.0,0.0
Trade_5770,Swap,2035-06-01,19.167797,183468.560931,USD,183468.560931,USD,183468.560931,183468.560931
Trade_3687,Swap,2031-06-02,15.170537,168672.715814,JPY,1500.139773,USD,1500.139773,1500.139773
Trade_4602,Swap,2019-06-03,3.173276,-162674.923003,GBP,-233926.539278,USD,0.0,0.0
Trade_6974,Swap,2036-06-02,20.172131,1032815.065048,USD,1032815.065048,USD,1032815.06505,1032815.06505
Trade_3303,Swap,2039-06-01,23.167797,91903.004389,GBP,132156.520311,USD,132156.520311,132156.520311
Trade_3669,Swap,2039-06-01,23.167797,45581.776849,GBP,65546.595109,USD,65546.595109,65546.595109
Trade_5869,Swap,2036-06-02,20.172131,717915.095553,GBP,1032361.907405,USD,1032361.9074,1032361.9074
Trade_2363,Swap,2022-06-01,6.167797,256590.187672,GBP,368976.689873,USD,368976.689873,368976.689873
Trade_8960,Swap,2037-06-01,21.167797,1008077.168281,JPY,8965.626997,USD,8965.626997,8965.626997
Trade_5795,Swap,2021-06-01,5.167797,-156120.027700,AUD,-119853.345265,USD,0.0,0.0
Trade_8082,Swap,2042-06-02,26.170537,644338.258387,AUD,494658.480962,USD,494658.480962,494658.480962
Trade_4865,Swap,2032-06-01,16.169399,-116699.610053,JPY,-1037.901866,USD,0.0,0.0
Trade_4199,Swap,2024-06-03,8.174863,69758.344984,JPY,620.416096,USD,620.416096,620.416096
Trade_2557,Swap,2023-06-01,7.167797,43721.846548,EUR,49801.369310,USD,49801.36931,49801.36931
Trade_5420,Swap,2021-06-01,5.167797,15157.949540,GBP,21797.131438,USD,21797.131438,21797.131438
Trade_1613,Swap,2021-06-01,5.167797,112479.112251,GBP,161744.963418,USD,161744.963418,161744.963418
Trade_2697,Swap,2022-06-01,6.167797,-154832.398674,GBP,-222648.989293,USD,0.0,0.0
Trade_7746,Swap,2040-06-01,24.169399,167418.627945,GBP,240747.986986,USD,240747.986986,240747.986986
Trade_7209,Swap,2045-06-01,29.167797,317268.126276,AUD,243566.740541,USD,243566.740541,243566.740541
Trade_5961,Swap,2024-06-03,8.174863,-40222.314245,GBP,-57839.687885,USD,0.0,0.0
Trade_7178,Swap,2044-06-01,28.169399,-384221.668243,USD,-384221.668243,USD,0.0,0.0
Trade_9933,Swap,2037-06-01,21.167797,46865.683201,GBP,67392.852442,USD,67392.852442,67392.852442
Trade_8446,Swap,2021-06-01,5.167797,390556.859412,JPY,3473.530830,USD,3473.53083,3473.53083
Trade_4368,Swap,2032-06-01,16.169399,368468.067597,EUR,419703.552396,USD,419703.552396,419703.552396
Trade_3305,Swap,2020-06-01,4.169399,66108.411672,JPY,587.954354,USD,587.954354,587.954354
Trade_7259,Swap,2027-06-01,11.167797,-38165.017850,EUR,-43471.863582,USD,0.0,0.0
Trade_4919,Swap,2026-06-01,10.167797,197816.660998,EUR,225323.067709,USD,225323.067709,225323.067709
Trade_5160,Swap,2044-06-01,28.169399,121715.888258,AUD,93441.287415,USD,93441.287415,93441.287415
Trade_1216,Swap,2021-06-01,5.167797,210781.874004,AUD,161817.244673,USD,161817.244673,161817.244673
Trade_5367,Swap,2027-06-01,11.167797,-225338.986403,JPY,-2004.117704,USD,0.0,0.0
Trade_8951,Swap,2042-06-02,26.170537,-555022.017815,USD,-555022.017815,USD,0.0,0.0
Trade_8675,Swap,2025-06-02,9.170537,146357.074495,AUD,112358.326090,USD,112358.32609,112358.32609
Trade_1104,Swap,2040-06-01,24.169399,-118479.146629,USD,-118479.146629,USD,0.0,0.0
Trade_5410,Swap,2020-06-01,4.169399,147802.858741,USD,147802.858741,USD,147802.858741,147802.858741
Trade_9336,Swap,2027-06-01,11.167797,-30375.805461,EUR,-34599.561211,USD,0.0,0.0
Trade_1912,Swap,2019-06-03,3.173276,-54216.108794,GBP,-77962.764446,USD,0.0,0.0
Trade_4085,Swap,2040-06-01,24.169399,-34484.577297,AUD,-26473.809991,USD,0.0,0.0
Trade_8146,Swap,2028-06-01,12.169399,16798.900580,AUD,12896.515976,USD,12896.515976,12896.515976
Trade_7498,Swap,2024-06-03,8.174863,-107317.552499,USD,-107317.552499,USD,0.0,0.0
Trade_7183,Swap,2033-06-01,17.167797,113479.413149,EUR,129258.725547,USD,129258.725547,129258.725547
Trade_6528,Swap,2020-06-01,4.169399,229238.225376,JPY,2038.796718,USD,2038.796718,2038.796718
Trade_7460,Swap,2024-06-03,8.174863,-432548.978879,JPY,-3846.999937,USD,0.0,0.0
Trade_9801,Swap,2036-06-02,20.172131,-149258.391140,EUR,-170012.770428,USD,0.0,0.0
Trade_6106,Swap,2022-06-01,6.167797,-80925.332477,GBP,-116370.628102,USD,0.0,0.0
Trade_9028,Swap,2035-06-01,19.167797,1280547.906346,EUR,1458608.092724,USD,1458608.09272,1458608.09272
Trade_3158,Swap,2031-06-02,15.170537,193087.480028,JPY,1717.279568,USD,1717.279568,1717.279568
Trade_9296,Swap,2029-06-01,13.167797,3067.137647,JPY,27.278479,USD,27.278479,27.278479
Trade_7097,Swap,2033-06-01,17.167797,-129519.127511,AUD,-99431.834190,USD,0.0,0.0
Trade_5047,Swap,2036-06-02,20.172131,-278108.561443,GBP,-399920.111356,USD,0.0,0.0
Trade_6408,Swap,2034-06-01,18.167797,-499194.838796,AUD,-383231.877743,USD,0.0,0.0
Trade_8209,Swap,2028-06-01,12.169399,-49682.554081,EUR,-56590.913226,USD,0.0,0.0
Trade_3930,Swap,2024-06-03,8.174863,75530.677597,USD,75530.677597,USD,75530.677597,75530.677597
Trade_3393,Swap,2020-06-01,4.169399,-240613.355914,GBP,-346002.005805,USD,0.0,0.0
Trade_9770,Swap,2022-06-01,6.167797,82933.356716,JPY,737.591888,USD,737.591888,737.591888
Trade_6652,Swap,2037-06-01,21.167797,-6275.603182,GBP,-9024.317375,USD,0.0,0.0
Trade_7640,Swap,2038-06-01,22.167797,11581.419905,EUR,13191.816343,USD,13191.816343,13191.816343
Trade_9666,Swap,2031-06-02,15.170537,439817.969787,AUD,337648.255405,USD,337648.255405,337648.255405
Trade_1011,Swap,2031-06-02,15.170537,-5148.330978,JPY,-45.788176,USD,0.0,0.0
Trade_3886,Swap,2031-06-02,15.170537,-42037.070001,USD,-42037.070001,USD,0.0,0.0
Trade_9765,Swap,2040-06-01,24.169399,-411860.521910,AUD,-316185.322669,USD,0.0,0.0
Trade_7634,Swap,2030-06-03,14.173276,-671817.897015,AUD,-515754.599537,USD,0.0,0.0
Trade_1112,Swap,2025-06-02,9.170537,-134155.168950,GBP,-192915.132950,USD,0.0,0.0
Trade_1935,Swap,2036-06-02,20.172131,237609.814276,USD,237609.814276,USD,237609.814276,237609.814276
Trade_3609,Swap,2038-06-01,22.167797,-506392.847003,GBP,-728192.913990,USD,0.0,0.0
Trade_6044,Swap,2031-06-02,15.170537,134935.752135,AUD,103590.176914,USD,103590.176914,103590.176914
Trade_5234,Swap,2023-06-01,7.167797,-81390.999818,AUD,-62483.870560,USD,0.0,0.0
Trade_5627,Swap,2036-06-02,20.172131,56414.013490,JPY,501.734409,USD,501.734409,501.734409
Trade_7726,Swap,2029-06-01,13.167797,456324.114196,USD,456324.114196,USD,456324.114196,456324.114196
Trade_8055,Swap,2038-06-01,22.167797,667320.974249,EUR,760111.955719,USD,760111.955719,760111.955719
Trade_1439,Swap,2027-06-01,11.167797,158061.492069,GBP,227292.425596,USD,227292.425596,227292.425596
Trade_8557,Swap,2026-06-01,10.167797,297099.090743,EUR,338410.719311,USD,338410.719311,338410.719311
Trade_7877,Swap,2038-06-01,22.167797,216029.598213,GBP,310650.562231,USD,310650.562231,310650.562231
Trade_2251,Swap,2040-06-01,24.169399,-140197.546523,USD,-140197.546523,USD,0.0,0.0
Trade_8770,Swap,2045-06-01,29.167797,-323481.357538,AUD,-248336.638181,USD,0.0,0.0
Trade_9164,Swap,2037-06-01,21.167797,11254.313810,EUR,12819.226146,USD,12819.226146,12819.226146
Trade_6739,Swap,2027-06-01,11.167797,267474.704061,EUR,304667.061661,USD,304667.061661,304667.061661
Trade_9479,Swap,2040-06-01,24.169399,-97746.497358,EUR,-111338.147816,USD,0.0,0.0
Trade_5653,Swap,2042-06-02,26.170537,-1457.012770,AUD,-1118.548704,USD,0.0,0.0
Trade_5418,Swap,2043-06-01,27.167797,-17568.565409,GBP,-25263.597058,USD,0.0,0.0
Trade_9846,Swap,2035-06-01,19.167797,137094.673543,USD,137094.673543,USD,137094.673543,137094.673543
Trade_6981,Swap,2028-06-01,12.169399,-162161.218269,USD,-162161.218269,USD,0.0,0.0
Trade_4976,Swap,2021-06-01,5.167797,-49685.586970,USD,-49685.586970,USD,0.0,0.0
Trade_2386,Swap,2025-06-02,9.170537,-52748.262481,EUR,-60082.908379,USD,0.0,0.0
Trade_6469,Swap,2028-06-01,12.169399,-256423.051847,USD,-256423.051847,USD,0.0,0.0
Trade_6639,Swap,2020-06-01,4.169399,137816.431426,USD,137816.431426,USD,137816.431426,137816.431426
Trade_4692,Swap,2035-06-01,19.167797,44924.405976,EUR,51171.144627,USD,51171.144627,51171.144627
Trade_7966,Swap,2033-06-01,17.167797,118887.977972,AUD,91270.300689,USD,91270.300689,91270.300689
Trade_1680,Swap,2045-06-01,29.167797,494921.059908,GBP,711696.484147,USD,711696.484147,711696.484147
Trade_5585,Swap,2023-06-01,7.167797,60588.749846,GBP,87126.622278,USD,87126.622278,87126.622278
Trade_4244,Swap,2040-06-01,24.169399,89505.230402,USD,89505.230402,USD,89505.230402,89505.230402
Trade_6117,Swap,2035-06-01,19.167797,-58837.134313,AUD,-45169.268012,USD,0.0,0.0
Trade_1245,Swap,2043-06-01,27.167797,-1102650.017966,USD,-1102650.017966,USD,0.0,0.0
Trade_9413,Swap,2044-06-01,28.169399,-1499087.560282,EUR,-1707535.685539,USD,0.0,0.0
Trade_8709,Swap,2038-06-01,22.167797,840705.530263,JPY,7477.058737,USD,7477.058737,7477.058737
Trade_4850,Swap,2041-06-03,25.173276,-254731.856202,USD,-254731.856202,USD,0.0,0.0
Trade_5195,Swap,2033-06-01,17.167797,111867.351705,AUD,85880.565903,USD,85880.565903,85880.565903
Trade_7026,Swap,2036-06-02,20.172131,283397.538943,AUD,217564.290646,USD,217564.290646,217564.290646
Trade_6906,Swap,2020-06-01,4.169399,41130.633265,AUD,31575.987157,USD,31575.987157,31575.987157
Trade_5818,Swap,2043-06-01,27.167797,-254597.247687,GBP,-366110.842174,USD,0.0,0.0
Trade_4873,Swap,2038-06-01,22.167797,-216200.629814,USD,-216200.629814,USD,0.0,0.0
Trade_8550,Swap,2036-06-02,20.172131,-26531.776853,AUD,-20368.445090,USD,0.0,0.0
Trade_6600,Swap,2029-06-01,13.167797,67437.903350,JPY,599.778574,USD,599.778574,599.778574
Trade_9104,Swap,2036-06-02,20.172131,-224982.583354,USD,-224982.583354,USD,0.0,0.0
Trade_4819,Swap,2037-06-01,21.167797,-357343.013200,JPY,-3178.133844,USD,0.0,0.0
Trade_3368,Swap,2026-06-01,10.167797,-88980.984459,AUD,-68310.701769,USD,0.0,0.0
Trade_6887,Swap,2038-06-01,22.167797,-275084.498768,AUD,-211182.369703,USD,0.0,0.0
Trade_6523,Swap,2031-06-02,15.170537,416849.981018,AUD,320015.730427,USD,320015.730427,320015.730427
Trade_2236,Swap,2038-06-01,22.167797,-29936.046307,GBP,-43048.034589,USD,0.0,0.0
Trade_9062,Swap,2031-06-02,15.170537,-438050.409272,GBP,-629916.488533,USD,0.0,0.0
