#TradeId,NettingSetId,CVA,DVA,FBA,FCA,COLVA,CollateralFloor,AllocatedCVA,AllocatedDVA,AllocationMethod,BaselEPE,BaselEEPE
,CSA_1,3147.57,69135.1,-4845.57,-108041,0,0,3147.57,69135.1,None,36041.9,45522.1
Trade_9765,CSA_1,710.704,22543.8,-1006.08,-34771.2,n/a,n/a,0,0,None,8645.93,9148.75
Trade_7634,CSA_1,41.6114,22003.7,-60.6999,-35725.8,n/a,n/a,0,0,None,632.339,813.101
Trade_1112,CSA_1,3663.04,4195.43,-6640.99,-7163.01,n/a,n/a,0,0,None,70955.8,104292
Trade_1935,CSA_1,9273.29,4038.29,-14380.9,-6333.42,n/a,n/a,0,0,None,97894.3,169557
Trade_3609,CSA_1,6843.5,33738.5,-10430.7,-51721.5,n/a,n/a,0,0,None,77785.7,96913.6
,CSA_10,1045.96,53934.4,-1504.09,-83292.5,0,0,1045.96,53934.4,None,12414.7,15374.4
Trade_5367,CSA_10,0.521174,95.2974,-0.878156,-158.177,n/a,n/a,0,0,None,9.231,11.6897
Trade_8951,CSA_10,37.0222,39993.9,-46.1042,-61460.3,n/a,n/a,0,0,None,479.607,866.474
Trade_8675,CSA_10,2171.56,1078.42,-3609.47,-1990.35,n/a,n/a,0,0,None,42779.7,70088.1
Trade_1104,CSA_10,2365.41,17990.2,-3547.87,-27751.1,n/a,n/a,0,0,None,27213.4,31725
Trade_5410,CSA_10,1722.28,27.377,-2418.47,-51.2588,n/a,n/a,0,0,None,70864.4,129359
,CSA_100,898.478,55218.9,-1207.65,-85274,0,0,898.478,55218.9,None,11274.6,11900.7
Trade_5432,CSA_100,2161.41,12420.6,-3110.61,-18761.2,n/a,n/a,0,0,None,25843.4,27665.3
Trade_1927,CSA_100,1439.47,41970,-2019.47,-64634.7,n/a,n/a,0,0,None,17589,19015.8
Trade_4234,CSA_100,2130.83,1.23402,-2751.35,-2.26842,n/a,n/a,0,0,None,113431,190456
Trade_2958,CSA_100,183.926,5252.06,-362.64,-8084.02,n/a,n/a,0,0,None,5126.31,9181.87
Trade_3935,CSA_100,23.4364,615.564,-43.5378,-871.681,n/a,n/a,0,0,None,868.887,1098.11
,CSA_101,1067.38,43834.2,-1626.24,-69374.6,0,0,1067.38,43834.2,None,12238.7,16621.5
Trade_9149,CSA_101,10.2313,2.19219,-15.7539,-3.07164,n/a,n/a,0,0,None,107.707,208.075
Trade_9792,CSA_101,2518.66,18530.6,-4158.16,-30165.8,n/a,n/a,0,0,None,33544.1,42789.5
Trade_8867,CSA_101,696.602,22319.7,-962.909,-34161.2,n/a,n/a,0,0,None,8657.11,8951.21
Trade_2060,CSA_101,860.74,4968.76,-1549.71,-8508.34,n/a,n/a,0,0,None,15325.5,20726.2
Trade_5582,CSA_101,563.364,1595.09,-919.03,-2515.47,n/a,n/a,0,0,None,6769.82,10094.3
,CSA_102,2202.57,49918.5,-3114.84,-76762,0,0,2202.57,49918.5,None,26762.6,28559.9
Trade_4808,CSA_102,12.1024,320.023,-15.8513,-491.025,n/a,n/a,0,0,None,155.36,187.483
Trade_8542,CSA_102,3997.55,32119.2,-5926.12,-49083.5,n/a,n/a,0,0,None,46607.6,51671
Trade_8068,CSA_102,686.534,21119.1,-977.821,-32687.6,n/a,n/a,0,0,None,8306.78,8846.37
Trade_7595,CSA_102,1116.65,328.628,-1751.51,-508.642,n/a,n/a,0,0,None,11953.9,15984.7
Trade_6778,CSA_102,432.31,74.1302,-570.337,-118.095,n/a,n/a,0,0,None,22339.6,31718.5
,CSA_103,24716.9,749.594,-39282.4,-977.569,0,0,24716.9,749.594,None,244016,701483
Trade_2367,CSA_103,1.318,684.526,-2.34708,-1126.88,n/a,n/a,0,0,None,26.6336,33.5964
Trade_5178,CSA_103,24576.4,49.0666,-39638.2,-68.9796,n/a,n/a,0,0,None,313948,549159
Trade_8847,CSA_103,3726.7,96.8135,-5562.63,-188.211,n/a,n/a,0,0,None,124591,232507
Trade_7253,CSA_103,1550.11,4960.71,-2389.34,-7751.85,n/a,n/a,0,0,None,17282.6,20386.1
Trade_3284,CSA_103,32.2953,128.407,-44.9641,-196.734,n/a,n/a,0,0,None,395.005,423.468
,CSA_104,11907.8,1064.73,-18216.5,-1490.79,0,0,11907.8,1064.73,None,128515,175063
Trade_4918,CSA_104,2421.1,394.4,-3927.72,-741.259,n/a,n/a,0,0,None,48259.7,101022
Trade_4418,CSA_104,20.6196,10.9417,-31.4237,-15.8746,n/a,n/a,0,0,None,221.573,381.528
Trade_7609,CSA_104,329.139,2989.76,-587.096,-4844.5,n/a,n/a,0,0,None,5187.48,7942.27
Trade_8691,CSA_104,12723.5,1267.72,-19659.4,-1896.45,n/a,n/a,0,0,None,136580,174565
Trade_7030,CSA_104,12.6384,1.12547,-19.7378,-1.53629,n/a,n/a,0,0,None,130.234,284.14
,CSA_105,5713.8,55590.1,-8243.35,-86694.9,0,0,5713.8,55590.1,None,66222.5,111875
Trade_7715,CSA_105,3747.41,37878,-5617.92,-58390.3,n/a,n/a,0,0,None,43002,58287.7
Trade_1961,CSA_105,1329.44,2608.08,-2092.91,-4040.44,n/a,n/a,0,0,None,14531.2,19659.3
Trade_3729,CSA_105,1262.28,16.8102,-1760.43,-31.8928,n/a,n/a,0,0,None,53168.1,103230
Trade_2946,CSA_105,8150.53,12402.3,-13234.5,-19625.2,n/a,n/a,0,0,None,103576,138481
Trade_3855,CSA_105,652.246,12113,-1215.04,-20284.5,n/a,n/a,0,0,None,12877.2,15396.2
,CSA_106,1135.16,53957.1,-1865.19,-83229.6,0,0,1135.16,53957.1,None,12204.2,20651.9
Trade_3474,CSA_106,0.00645764,4.13859,-0.0123317,-5.16071,n/a,n/a,0,0,None,0.266056,0.309303
Trade_7679,CSA_106,740.269,51070.9,-976.394,-78021.2,n/a,n/a,0,0,None,9457.01,10270.6
Trade_5442,CSA_106,5277.51,3776.32,-8890.9,-6903.64,n/a,n/a,0,0,None,104425,152855
Trade_2335,CSA_106,5566.13,3284.98,-9110.36,-5713.76,n/a,n/a,0,0,None,80272,129455
Trade_5467,CSA_106,497.362,6766.88,-718.532,-10416.9,n/a,n/a,0,0,None,5946.5,6527
,CSA_107,49358.3,8085.18,-75104.8,-12102.1,0,0,49358.3,8085.18,None,538229,658891
Trade_1687,CSA_107,450.513,34741,-605.412,-53441.1,n/a,n/a,0,0,None,5706.69,6007.38
Trade_3518,CSA_107,54359.4,852.502,-84090.8,-1147.05,n/a,n/a,0,0,None,570938,1.03602e+06
Trade_7055,CSA_107,2441.28,13812.7,-4183.07,-22227.4,n/a,n/a,0,0,None,36595.6,46168.4
Trade_9872,CSA_107,35325.7,1927.68,-53658.8,-2767.32,n/a,n/a,0,0,None,383854,548633
Trade_2590,CSA_107,36.2696,6.08362,-58.928,-11.3062,n/a,n/a,0,0,None,722.307,1451.96
,CSA_108,2547,9728.07,-4265.59,-15498.3,0,0,2547,9728.07,None,26670.9,48583.9
Trade_8426,CSA_108,2039.59,2409.22,-3182.39,-3772.71,n/a,n/a,0,0,None,21890.8,28390.7
Trade_4746,CSA_108,0.990975,1.50995,-1.68246,-2.65028,n/a,n/a,0,0,None,16.2805,23.0645
Trade_9669,CSA_108,7.25705,226.12,-10.2673,-346.768,n/a,n/a,0,0,None,88.1598,99.3828
Trade_1877,CSA_108,223.304,498.758,-366.292,-749.16,n/a,n/a,0,0,None,8605.44,13063.5
Trade_5699,CSA_108,1789.33,8105.94,-3244.32,-13166.4,n/a,n/a,0,0,None,30226.8,40667.9
,CSA_109,51038.9,129.86,-80122,-170.796,0,0,51038.9,129.86,None,531891,877853
Trade_8753,CSA_109,1358.43,862.945,-2057.56,-1289.71,n/a,n/a,0,0,None,15283.9,17070.6
Trade_5770,CSA_109,14726.5,554.213,-23199,-833.309,n/a,n/a,0,0,None,156929,231317
Trade_3687,CSA_109,29.9885,19.6026,-47.8331,-31.5673,n/a,n/a,0,0,None,384.071,715.227
Trade_4602,CSA_109,15.5198,2369.13,-27.1613,-3092.93,n/a,n/a,0,0,None,775.981,1343.14
Trade_6974,CSA_109,40933,2348.53,-63382.3,-3515.07,n/a,n/a,0,0,None,427180,844508
,CSA_11,4961.47,25767.7,-8580.65,-37879.5,0,0,4961.47,25767.7,None,50066.9,107605
Trade_2607,CSA_11,3.10708,1633.04,-6.23662,-2436.44,n/a,n/a,0,0,None,96.4007,117.186
Trade_5345,CSA_11,1.50683,451.378,-1.88966,-690.982,n/a,n/a,0,0,None,20.3722,20.7365
Trade_7917,CSA_11,17019.9,427.029,-28417.2,-741.721,n/a,n/a,0,0,None,282775,446003
Trade_4968,CSA_11,947.172,36258.3,-1269.73,-55111.9,n/a,n/a,0,0,None,11971.3,12675.1
Trade_1416,CSA_11,0.0692433,8.23681,-0.136435,-13.0016,n/a,n/a,0,0,None,1.69543,1.83254
,CSA_110,60077.9,5289.58,-92833.7,-8131.38,0,0,60077.9,5289.58,None,627566,1.30613e+06
Trade_3303,CSA_110,8389.51,8582.14,-12842.6,-13331.2,n/a,n/a,0,0,None,92417.9,106651
Trade_3669,CSA_110,6477.1,458.393,-9997.14,-666.123,n/a,n/a,0,0,None,69352.4,91402.1
Trade_5869,CSA_110,45794.6,2103.62,-70939.9,-3150.88,n/a,n/a,0,0,None,479920,883844
Trade_2363,CSA_110,5412.1,482.715,-8461.37,-924.682,n/a,n/a,0,0,None,153198,288911
Trade_8960,CSA_110,343.649,1.78157,-536.398,-2.25458,n/a,n/a,0,0,None,3570.66,6917.43
,CSA_111,14669.2,33144.5,-21934.3,-50572.6,0,0,14669.2,33144.5,None,166650,174429
Trade_6411,CSA_111,5896.93,51629.2,-8459.24,-78674.7,n/a,n/a,0,0,None,71111,73600.6
Trade_8807,CSA_111,6206.65,350.523,-10370.1,-665.051,n/a,n/a,0,0,None,136357,198079
Trade_4993,CSA_111,2186.53,25636,-3446.61,-41089.5,n/a,n/a,0,0,None,26990.9,34224.5
Trade_4698,CSA_111,39951,469.01,-61183.3,-622.427,n/a,n/a,0,0,None,431027,581085
Trade_3989,CSA_111,5575.87,207.499,-9349.64,-395.427,n/a,n/a,0,0,None,122456,173045
,CSA_112,37638.7,9833.69,-57119.1,-14611.1,0,0,37638.7,9833.69,None,410782,536215
Trade_4321,CSA_112,2449.67,70.2071,-3535.53,-140.689,n/a,n/a,0,0,None,84541.7,178855
Trade_3022,CSA_112,36204.5,10011.1,-55332.5,-14952.6,n/a,n/a,0,0,None,397662,453484
Trade_6257,CSA_112,898.823,2005.4,-1395.09,-3126.54,n/a,n/a,0,0,None,9841.13,11864.2
Trade_2354,CSA_112,12.5464,5.99057,-18.8819,-9.18411,n/a,n/a,0,0,None,142.253,168.015
Trade_7691,CSA_112,384.822,52.6243,-548.346,-93.2657,n/a,n/a,0,0,None,15781.2,26272.4
,CSA_113,16306.5,578.095,-26881.4,-953.505,0,0,16306.5,578.095,None,190962,416369
Trade_7043,CSA_113,344.256,121.535,-561.539,-222.338,n/a,n/a,0,0,None,6221.78,11722.6
Trade_4523,CSA_113,3373.66,6.49284,-5553.81,-11.5626,n/a,n/a,0,0,None,66917.3,115539
Trade_2646,CSA_113,7115.15,365.556,-12020.7,-679.493,n/a,n/a,0,0,None,140803,200031
Trade_8701,CSA_113,51.5688,0.0154341,-81.7882,-0.0297789,n/a,n/a,0,0,None,1287.5,2473.51
Trade_7029,CSA_113,5820.78,483.362,-9400.13,-776.67,n/a,n/a,0,0,None,71116.7,101123
,CSA_114,12272.4,14799.1,-18556,-22528.8,0,0,12272.4,14799.1,None,136917,149747
Trade_4580,CSA_114,68.8914,127.455,-104.121,-189.288,n/a,n/a,0,0,None,767.214,923.834
Trade_9827,CSA_114,12288.9,14770.9,-18580.4,-22490,n/a,n/a,0,0,None,137119,149916
Trade_9775,CSA_114,6.67925,52.9661,-9.98593,-83.8651,n/a,n/a,0,0,None,90.2732,125.055
Trade_3994,CSA_114,59.4077,0.941633,-94.9759,-1.34236,n/a,n/a,0,0,None,754.28,1549.76
Trade_9724,CSA_114,2.05763,0.390646,-2.83101,-0.587418,n/a,n/a,0,0,None,108.328,169.493
,CSA_115,8267.81,18340.2,-12632.2,-28229.7,0,0,8267.81,18340.2,None,92997.5,137440
Trade_1798,CSA_115,8866.28,11911,-14094.6,-18679.9,n/a,n/a,0,0,None,97728.5,128476
Trade_6777,CSA_115,4.74586,11408.9,-9.36581,-17653.2,n/a,n/a,0,0,None,137.766,238.438
Trade_4515,CSA_115,189.412,692.175,-336.528,-1125.3,n/a,n/a,0,0,None,2971.52,4331.98
Trade_2169,CSA_115,9206.85,4256.42,-14403.1,-6865.37,n/a,n/a,0,0,None,103001,172143
Trade_3676,CSA_115,411.009,482.151,-639.49,-756.857,n/a,n/a,0,0,None,4418.79,5855.52
,CSA_116,30984.3,6964.15,-47751.1,-11102.7,0,0,30984.3,6964.15,None,323863,674888
Trade_3338,CSA_116,280.25,1193.73,-489.445,-1919.69,n/a,n/a,0,0,None,4145.54,6057.11
Trade_7053,CSA_116,20585,8064.65,-32736.5,-13306.9,n/a,n/a,0,0,None,252325,397207
Trade_6632,CSA_116,13956.6,3453.4,-21364.5,-5139.95,n/a,n/a,0,0,None,153237,184409
Trade_3229,CSA_116,15.7462,187.336,-22.8381,-283.125,n/a,n/a,0,0,None,188.203,202.768
Trade_7979,CSA_116,2093.09,11.4506,-2704.72,-20.0695,n/a,n/a,0,0,None,111200,190203
,CSA_117,64021.2,5229.86,-97783.8,-7606.11,0,0,64021.2,5229.86,None,694884,865252
Trade_9341,CSA_117,66627.6,4681.3,-102043,-6712.92,n/a,n/a,0,0,None,721003,904236
Trade_3454,CSA_117,2208.16,4738.41,-3441.4,-7434.27,n/a,n/a,0,0,None,24025.6,30537.6
Trade_8354,CSA_117,46.2049,3338.34,-72.6134,-5448.18,n/a,n/a,0,0,None,675.405,817.38
Trade_2255,CSA_117,5501.47,903.249,-8779.92,-1430.99,n/a,n/a,0,0,None,61451.9,86801.3
Trade_2434,CSA_117,661.31,2592.07,-1070.84,-4203.88,n/a,n/a,0,0,None,8270.33,10103.5
,CSA_118,26911.3,20833.8,-42406.2,-31179.2,0,0,26911.3,20833.8,None,273755,663440
Trade_3264,CSA_118,12.3969,68.8792,-17.5856,-106.9,n/a,n/a,0,0,None,147.836,196.611
Trade_2842,CSA_118,6876.98,34079.4,-10290.8,-52552.8,n/a,n/a,0,0,None,79198.4,89340.1
Trade_2841,CSA_118,538.422,16.4245,-848.313,-32.4522,n/a,n/a,0,0,None,13502.2,28003.4
Trade_2859,CSA_118,1281.16,93.9613,-2149.99,-168.538,n/a,n/a,0,0,None,21288.4,30957.7
Trade_5133,CSA_118,32831.7,1204.59,-52847.5,-2066.44,n/a,n/a,0,0,None,473307,924423
,CSA_119,30517.9,13418.1,-46670.1,-22564.8,0,0,30517.9,13418.1,None,331796,411841
Trade_2457,CSA_119,33971.8,3024.36,-51935.4,-4456.05,n/a,n/a,0,0,None,365163,571849
Trade_4863,CSA_119,2431.25,17830.3,-4166.96,-29666.7,n/a,n/a,0,0,None,35861.7,45426
Trade_4323,CSA_119,2.36601,0.31365,-3.78917,-0.610859,n/a,n/a,0,0,None,58.5349,105.138
Trade_1693,CSA_119,809.685,101.632,-1056.42,-163.744,n/a,n/a,0,0,None,43034.3,66917.1
Trade_9287,CSA_119,876.701,35.3478,-1298.38,-68.5317,n/a,n/a,0,0,None,29475.6,56221.5
,CSA_12,13168.5,9777.47,-20240.9,-15311.2,0,0,13168.5,9777.47,None,140933,212582
Trade_7317,CSA_12,13122.9,9183.28,-20209.7,-14206.2,n/a,n/a,0,0,None,140467,196363
Trade_5859,CSA_12,700.463,1155.44,-1200.5,-2097.5,n/a,n/a,0,0,None,15122,21306.1
Trade_7138,CSA_12,16.179,60.7138,-22.4365,-92.1193,n/a,n/a,0,0,None,199.315,204.877
Trade_5621,CSA_12,4.23332,0.405031,-5.67472,-0.639768,n/a,n/a,0,0,None,220.181,332.386
Trade_1515,CSA_12,512.972,565.828,-835.872,-948.085,n/a,n/a,0,0,None,6584.21,9794.67
,CSA_120,7684.83,18864.8,-11256.1,-28923.8,0,0,7684.83,18864.8,None,89524.1,110408
Trade_8700,CSA_120,9689.84,14513.8,-14796,-22086.1,n/a,n/a,0,0,None,109197,136758
Trade_3121,CSA_120,51.7787,2303.52,-80.236,-3700.28,n/a,n/a,0,0,None,682.986,859.655
Trade_9886,CSA_120,211.28,424.737,-296.774,-605.416,n/a,n/a,0,0,None,10005.9,13741.5
Trade_8047,CSA_120,1076.7,3992.47,-1900.87,-6972.4,n/a,n/a,0,0,None,19027.3,26187.7
Trade_8718,CSA_120,129.812,1104.87,-224.122,-1601.55,n/a,n/a,0,0,None,5028.7,7834.53
,CSA_121,21315.5,9396.92,-33572.5,-15077.2,0,0,21315.5,9396.92,None,245271,551509
Trade_1985,CSA_121,393.582,354.171,-688.943,-596.037,n/a,n/a,0,0,None,6020.14,8890.88
Trade_7252,CSA_121,8721.42,369.2,-13993.6,-679.214,n/a,n/a,0,0,None,173690,371339
Trade_8639,CSA_121,73.1698,2.94015,-118.473,-5.04076,n/a,n/a,0,0,None,1213.44,2434.53
Trade_4233,CSA_121,14675.6,11501.3,-23332.1,-18768.6,n/a,n/a,0,0,None,172477,237713
Trade_4704,CSA_121,737.024,454.653,-1206.57,-795.519,n/a,n/a,0,0,None,11399.4,20563.5
,CSA_122,2152.46,2126.95,-3439.64,-3271.22,0,0,2152.46,2126.95,None,22953.8,38245.5
Trade_9247,CSA_122,1159.95,760.484,-1939.3,-1391.36,n/a,n/a,0,0,None,27880.6,43831
Trade_3389,CSA_122,3.89419,0.0709638,-6.30046,-0.129882,n/a,n/a,0,0,None,77.121,148.319
Trade_2869,CSA_122,2167.51,366.508,-3296.46,-530.701,n/a,n/a,0,0,None,23399.9,36503.3
Trade_2178,CSA_122,0.86131,21.9588,-1.12898,-33.785,n/a,n/a,0,0,None,11.0378,12.7764
Trade_5800,CSA_122,240.171,2397.85,-454.349,-3573.15,n/a,n/a,0,0,None,7741.99,12688.8
,CSA_123,777.516,2165.92,-1029.16,-3478.05,0,0,777.516,2165.92,None,9407.7,17243.3
Trade_6187,CSA_123,1953.44,555.706,-3108.2,-873.876,n/a,n/a,0,0,None,21022.5,29980.5
Trade_8942,CSA_123,10.0606,155.918,-14.0664,-247.179,n/a,n/a,0,0,None,134.532,161.291
Trade_9087,CSA_123,101.602,1097.81,-167.415,-1739.72,n/a,n/a,0,0,None,1372.19,2114.18
Trade_5823,CSA_123,561.766,2181.88,-1005.9,-3841,n/a,n/a,0,0,None,11943.3,16247.2
Trade_7735,CSA_123,102.179,126.138,-147.389,-190.076,n/a,n/a,0,0,None,1219.11,1269.65
,CSA_124,1144.6,15208.7,-1642.45,-22891.4,0,0,1144.6,15208.7,None,13899.7,14546.4
Trade_9945,CSA_124,1066.58,16204.7,-1490.57,-24693.6,n/a,n/a,0,0,None,13175.1,13784.3
Trade_6964,CSA_124,0.836085,3.15063,-1.46356,-5.1042,n/a,n/a,0,0,None,26.3448,33.7132
Trade_2706,CSA_124,72.7606,4.38857,-106.363,-7.56574,n/a,n/a,0,0,None,2936.18,4993.33
Trade_8648,CSA_124,1515.33,188.197,-2567.15,-348.541,n/a,n/a,0,0,None,33199.9,44998.9
Trade_6288,CSA_124,329.418,648.556,-568.376,-928.112,n/a,n/a,0,0,None,12441.9,14619.2
,CSA_125,1191.52,31793.5,-1942.82,-47394.8,0,0,1191.52,31793.5,None,12924,21179.6
Trade_9037,CSA_125,14842,2635.49,-23220.3,-4098.93,n/a,n/a,0,0,None,172294,339151
Trade_8750,CSA_125,351.101,45085.8,-459.16,-69151.9,n/a,n/a,0,0,None,4542.59,4794.91
Trade_2763,CSA_125,688.879,5630.71,-978.775,-8520.31,n/a,n/a,0,0,None,8321.58,8978.64
Trade_9246,CSA_125,10899.1,3686.18,-17756,-5930.36,n/a,n/a,0,0,None,135034,183427
Trade_4458,CSA_125,3619.94,3964.81,-6390.94,-6555.59,n/a,n/a,0,0,None,55960.8,81578
,CSA_126,13424.4,5157.48,-21157,-8267.92,0,0,13424.4,5157.48,None,140408,215557
Trade_3767,CSA_126,89.1333,1.57062,-115.397,-2.71468,n/a,n/a,0,0,None,4706.51,8226.05
Trade_1160,CSA_126,7646.15,2666.38,-11609.2,-3981.22,n/a,n/a,0,0,None,83038.5,116709
Trade_4737,CSA_126,3455.13,2050.78,-5676.93,-3618.51,n/a,n/a,0,0,None,53600.4,98762.5
Trade_5118,CSA_126,16.2546,92.9053,-23.0692,-144.12,n/a,n/a,0,0,None,193.712,263.584
Trade_9264,CSA_126,6276.47,4404.57,-10353.2,-7142.19,n/a,n/a,0,0,None,77170.1,110287
,CSA_127,66323.4,3192.7,-102531,-4272.13,0,0,66323.4,3192.7,None,701682,1.17712e+06
Trade_7517,CSA_127,6225.85,1232.99,-10052.4,-2142.98,n/a,n/a,0,0,None,96204.4,205584
Trade_2996,CSA_127,5593.5,177.914,-8849.07,-265.366,n/a,n/a,0,0,None,62034.5,98144.7
Trade_1861,CSA_127,19906.3,3530.2,-30599.4,-5290.64,n/a,n/a,0,0,None,211806,373785
Trade_9344,CSA_127,40949.8,4826.03,-63223.3,-7098.73,n/a,n/a,0,0,None,441887,549138
Trade_3509,CSA_127,2347.38,2125.02,-3655.38,-3322.84,n/a,n/a,0,0,None,25122.4,33780
,CSA_128,139897,1200.4,-216251,-1598.1,0,0,139897,1200.4,None,1.48712e+06,2.219e+06
Trade_2974,CSA_128,174.419,16.0451,-265.117,-23.7649,n/a,n/a,0,0,None,1922.33,2253.59
Trade_8838,CSA_128,66775,136.841,-102999,-172.653,n/a,n/a,0,0,None,711614,1.06639e+06
Trade_3894,CSA_128,38846.6,330.274,-60554.2,-449.512,n/a,n/a,0,0,None,407641,650539
Trade_1360,CSA_128,357.114,2649.11,-512.206,-4019.69,n/a,n/a,0,0,None,4313.22,4434.25
Trade_8796,CSA_128,36835.9,1159.98,-56611.1,-1622.22,n/a,n/a,0,0,None,395927,538610
,CSA_129,14606.3,2399.99,-23236.5,-3597.15,0,0,14606.3,2399.99,None,156148,232351
Trade_7223,CSA_129,2585.42,409.566,-3906.47,-587.941,n/a,n/a,0,0,None,28268.2,39712.1
Trade_9776,CSA_129,5338.07,653.176,-8294.2,-962.27,n/a,n/a,0,0,None,56706,115209
Trade_1685,CSA_129,0,2988.04,0,-3868.07,n/a,n/a,0,0,None,0,0
Trade_1955,CSA_129,10656.7,2234.34,-16403.1,-3421.43,n/a,n/a,0,0,None,112665,202279
Trade_8518,CSA_129,109.459,198.238,-198.314,-323.07,n/a,n/a,0,0,None,2994.24,4088.63
,CSA_13,23688.5,6653.54,-35488.3,-10559.9,0,0,23688.5,6653.54,None,266717,302791
Trade_9298,CSA_13,45.8789,207.758,-67.9503,-308.959,n/a,n/a,0,0,None,534.732,567.657
Trade_6088,CSA_13,29993.6,4241.94,-45893.2,-6328.53,n/a,n/a,0,0,None,328248,381103
Trade_7173,CSA_13,355.212,1274.07,-677.761,-2040.62,n/a,n/a,0,0,None,8557.27,10300.8
Trade_2022,CSA_13,176.491,0.201867,-285.706,-0.287443,n/a,n/a,0,0,None,2532.94,4909.51
Trade_5674,CSA_13,3340.87,11153.1,-5884.17,-19201.9,n/a,n/a,0,0,None,55094.7,72539.8
,CSA_130,36357.7,6868.5,-56305.2,-10867.6,0,0,36357.7,6868.5,None,383567,646692
Trade_4375,CSA_130,91.6982,5508.78,-171.818,-9140.83,n/a,n/a,0,0,None,1825.82,2214
Trade_4251,CSA_130,16500,991.598,-25723.7,-1450.72,n/a,n/a,0,0,None,174762,237176
Trade_5955,CSA_130,28458.7,10316.2,-44413.6,-16260.4,n/a,n/a,0,0,None,305776,493711
Trade_9950,CSA_130,3163.03,761.931,-5140.73,-1443.15,n/a,n/a,0,0,None,69451.4,125831
Trade_5216,CSA_130,1860.66,3006.29,-2778.05,-4495.21,n/a,n/a,0,0,None,21485.8,24126.9
,CSA_14,16329.4,28447.2,-24966.5,-45684.9,0,0,16329.4,28447.2,None,182938,214508
Trade_6205,CSA_14,4895.64,14018.7,-7212.07,-21105.5,n/a,n/a,0,0,None,57385,61844
Trade_7283,CSA_14,24179.1,10134.6,-36955.5,-15485.1,n/a,n/a,0,0,None,261309,382736
Trade_3378,CSA_14,254.462,9042.54,-494.036,-14865.3,n/a,n/a,0,0,None,6152.41,7461.39
Trade_6183,CSA_14,230.058,828.884,-407.92,-1460.5,n/a,n/a,0,0,None,5457.54,7417.3
Trade_1391,CSA_14,682.417,8334.74,-1223.51,-14095,n/a,n/a,0,0,None,11438.5,14466.6
,CSA_15,214.666,26571.9,-286.353,-40877.1,0,0,214.666,26571.9,None,2730.03,2942.14
Trade_3482,CSA_15,212.27,25724.9,-282.452,-39728.5,n/a,n/a,0,0,None,2703.46,2911.38
Trade_8280,CSA_15,738.545,1590.81,-1375.31,-2520.68,n/a,n/a,0,0,None,20270.5,28020.6
Trade_1723,CSA_15,9.21603,81.3285,-15.2242,-131.133,n/a,n/a,0,0,None,121.977,168.923
Trade_9193,CSA_15,90.875,20.3204,-135.028,-29.9804,n/a,n/a,0,0,None,1039.01,1108.2
Trade_1920,CSA_15,9.15388,0.0146949,-11.5646,-0.0284139,n/a,n/a,0,0,None,502.53,894.363
,CSA_16,200.61,26740.2,-270.015,-43074.9,0,0,200.61,26740.2,None,2428.69,4721.45
Trade_6531,CSA_16,54.6211,15.6525,-77.6745,-27.0801,n/a,n/a,0,0,None,2264.89,3643.18
Trade_1418,CSA_16,305.774,5833.89,-457.529,-9098.58,n/a,n/a,0,0,None,3572.69,4959.33
Trade_4055,CSA_16,103.121,17498.2,-181.426,-28337,n/a,n/a,0,0,None,1978.2,3578.13
Trade_6405,CSA_16,63.5165,40.5612,-97.1235,-58.7157,n/a,n/a,0,0,None,680.915,1162.47
Trade_1589,CSA_16,573.685,4251.97,-1069.76,-7166.94,n/a,n/a,0,0,None,13732,17317.9
,CSA_17,125535,0.820843,-190798,-0.941626,0,0,125535,0.820843,None,1.37186e+06,1.67077e+06
Trade_7633,CSA_17,143.888,96.2756,-260.571,-165.199,n/a,n/a,0,0,None,3076.7,4295.68
Trade_4320,CSA_17,103812,647.785,-158499,-860.305,n/a,n/a,0,0,None,1.12458e+06,1.50966e+06
Trade_6494,CSA_17,2305.2,4542.12,-4249.72,-7584.72,n/a,n/a,0,0,None,45027.7,59987
Trade_8826,CSA_17,184.397,13822,-256.566,-21838.8,n/a,n/a,0,0,None,2464.95,3342.86
Trade_1681,CSA_17,46915.5,8719.28,-70929.2,-12948.4,n/a,n/a,0,0,None,516074,641046
,CSA_18,613.468,29839.5,-905.779,-48338.5,0,0,613.468,29839.5,None,7782.44,10945.6
Trade_5828,CSA_18,982.163,222.572,-1545.53,-355.209,n/a,n/a,0,0,None,11398.3,23537.5
Trade_6164,CSA_18,2261.99,14662.7,-3837.35,-24535.1,n/a,n/a,0,0,None,33209.9,41390.6
Trade_5341,CSA_18,3.87641,0.615025,-5.07861,-0.997248,n/a,n/a,0,0,None,209.216,331.619
Trade_9730,CSA_18,509.487,20276.2,-783.056,-32204.3,n/a,n/a,0,0,None,6774.52,8512.54
Trade_9500,CSA_18,3107.62,929.025,-4946.07,-1454.14,n/a,n/a,0,0,None,35285.8,48588.5
,CSA_19,3584.52,56436.2,-5473.29,-87857.1,0,0,3584.52,56436.2,None,40376.3,53560.4
Trade_9435,CSA_19,1885.03,10485.5,-2871.84,-16211.8,n/a,n/a,0,0,None,21401.8,23984.5
Trade_3147,CSA_19,1597.23,21813.6,-2354.83,-33651,n/a,n/a,0,0,None,18673.6,21755
Trade_7753,CSA_19,31.8496,15356.5,-40.3916,-23788.5,n/a,n/a,0,0,None,417.996,475.008
Trade_5617,CSA_19,13650.8,829.815,-21591.8,-1249.55,n/a,n/a,0,0,None,152916,212546
Trade_7936,CSA_19,2962.31,24493.5,-4670.32,-39012.2,n/a,n/a,0,0,None,34722.1,44419.1
,CSA_2,50895.5,1143,-79787.3,-1639.57,0,0,50895.5,1143,None,523894,1.07619e+06
Trade_6044,CSA_2,8798.51,1081.95,-14333.7,-1800.66,n/a,n/a,0,0,None,113227,156903
Trade_5234,CSA_2,847.618,1112.52,-1554.39,-1864.23,n/a,n/a,0,0,None,20349.6,28125.5
Trade_5627,CSA_2,12.0703,5.66977,-18.6419,-8.33103,n/a,n/a,0,0,None,126.53,250.97
Trade_7726,CSA_2,12687.8,675.761,-20329.6,-1146.06,n/a,n/a,0,0,None,182799,378553
Trade_8055,CSA_2,31632,1349.6,-48608.6,-1877.96,n/a,n/a,0,0,None,335307,586152
,CSA_20,366.091,31212.6,-471.428,-49753.1,0,0,366.091,31212.6,None,4550.44,8133.68
Trade_7577,CSA_20,557.472,1239.05,-1019.27,-2059.72,n/a,n/a,0,0,None,10005.9,14460
Trade_9119,CSA_20,774.408,2356.41,-1167.23,-3570.34,n/a,n/a,0,0,None,8910.91,9573.25
Trade_3312,CSA_20,13.1527,5.00898,-22.0968,-8.45143,n/a,n/a,0,0,None,193.649,237.803
Trade_1221,CSA_20,1648.2,24210,-2569.74,-38656,n/a,n/a,0,0,None,20553.4,25728.6
Trade_7292,CSA_20,106.831,6136.06,-194.857,-9960.37,n/a,n/a,0,0,None,1995,2736.79
,CSA_21,14619.6,8662.91,-21742,-12822.1,0,0,14619.6,8662.91,None,167144,182692
Trade_1024,CSA_21,16873.3,8046.64,-25484.1,-11926.8,n/a,n/a,0,0,None,189763,208213
Trade_6422,CSA_21,297.626,4.89881,-408.515,-9.5283,n/a,n/a,0,0,None,12559.7,23991
Trade_5538,CSA_21,160.523,1419.97,-287.835,-2431.06,n/a,n/a,0,0,None,2838.39,3857.55
Trade_8129,CSA_21,1330.69,896.153,-1998.67,-1342.63,n/a,n/a,0,0,None,14882.2,15887
Trade_5288,CSA_21,441.839,2779.67,-633.793,-4183.01,n/a,n/a,0,0,None,5300.33,5827.91
,CSA_22,36607.8,21654.1,-55171.4,-31874,0,0,36607.8,21654.1,None,389775,851540
Trade_9158,CSA_22,4999.71,35546.2,-7231.51,-54159.5,n/a,n/a,0,0,None,59823.1,62462.9
Trade_7468,CSA_22,34978,1038.13,-54311.1,-1454.81,n/a,n/a,0,0,None,371269,512115
Trade_3127,CSA_22,4138.98,17635.2,-6146.57,-26993.4,n/a,n/a,0,0,None,48071,51959.4
Trade_8703,CSA_22,5540.18,0.529301,-7834.53,-1.04709,n/a,n/a,0,0,None,227882,387589
Trade_8590,CSA_22,24216.6,4699.75,-37362.6,-6980.16,n/a,n/a,0,0,None,254579,483148
,CSA_23,76014.9,2894.47,-116938,-4331.26,0,0,76014.9,2894.47,None,803693,1.4836e+06
Trade_4614,CSA_23,42.1631,185.064,-72.4407,-303.965,n/a,n/a,0,0,None,1328.66,1737.97
Trade_7058,CSA_23,189.797,0.0131524,-245.795,-0.0244896,n/a,n/a,0,0,None,10101.1,16331.4
Trade_6056,CSA_23,57178.4,1493.6,-86910,-2002.26,n/a,n/a,0,0,None,620010,906221
Trade_5721,CSA_23,19073.4,1860.65,-30553.8,-3127.53,n/a,n/a,0,0,None,274484,565118
Trade_5448,CSA_23,183.832,7.81169,-274.111,-15.157,n/a,n/a,0,0,None,6154.25,11240.2
,CSA_24,45295.8,19674.1,-70784.4,-31455,0,0,45295.8,19674.1,None,494135,635003
Trade_4528,CSA_24,11620.7,2626.52,-18425,-4125.73,n/a,n/a,0,0,None,131808,173647
Trade_5760,CSA_24,834.019,27646.3,-1190.37,-43615.1,n/a,n/a,0,0,None,11002.1,13639.1
Trade_7186,CSA_24,3222.09,5961.44,-5778.25,-9773.08,n/a,n/a,0,0,None,54290.5,71854.1
Trade_5599,CSA_24,49322.3,1547.47,-76027.6,-2133.16,n/a,n/a,0,0,None,528996,699532
Trade_3246,CSA_24,433.316,2029,-633.998,-3078.72,n/a,n/a,0,0,None,5095.34,5940.28
,CSA_25,32052.2,21102.1,-49668.4,-34097.1,0,0,32052.2,21102.1,None,342155,460343
Trade_7104,CSA_25,1517.91,26150.8,-2439.17,-42383,n/a,n/a,0,0,None,20673.1,25613.6
Trade_6963,CSA_25,19370.4,6589.13,-29601.2,-9962.01,n/a,n/a,0,0,None,207645,329764
Trade_7354,CSA_25,11.6159,533.362,-20.5564,-673.857,n/a,n/a,0,0,None,505.306,584.999
Trade_5324,CSA_25,5739.47,14344.5,-8608.54,-21771.8,n/a,n/a,0,0,None,65986.3,80002.7
Trade_1465,CSA_25,36842.2,4913.71,-56907.8,-7215.34,n/a,n/a,0,0,None,386044,753252
,CSA_26,31802.6,21640.1,-48919,-33204.3,0,0,31802.6,21640.1,None,333045,789745
Trade_2066,CSA_26,408.6,361.338,-684.321,-656.704,n/a,n/a,0,0,None,7336.32,11296
Trade_6429,CSA_26,20690.5,2170.17,-33245.7,-3614.96,n/a,n/a,0,0,None,280851,566708
Trade_9027,CSA_26,14769.4,13506,-22342.9,-20590.1,n/a,n/a,0,0,None,165496,174754
Trade_2598,CSA_26,2090.56,14782.1,-3118.88,-22618,n/a,n/a,0,0,None,24195.1,26929.6
Trade_7817,CSA_26,3023.3,0.360486,-3803.33,-0.703668,n/a,n/a,0,0,None,165988,297193
,CSA_27,24935,12266.7,-38027.8,-18903.2,0,0,24935,12266.7,None,280169,313827
Trade_9826,CSA_27,58.6642,24.3543,-91.014,-36.1018,n/a,n/a,0,0,None,622.627,1288.43
Trade_3801,CSA_27,26694.8,8204.86,-40433.3,-12087.1,n/a,n/a,0,0,None,297670,330230
Trade_8757,CSA_27,953.839,101.555,-1394.84,-195.559,n/a,n/a,0,0,None,32839.2,69849.4
Trade_1627,CSA_27,632.427,7389.58,-1212.83,-11764.2,n/a,n/a,0,0,None,13996.5,17379.7
Trade_1376,CSA_27,54.8048,5.85195,-83.4892,-7.85052,n/a,n/a,0,0,None,590.555,961.156
,CSA_28,19737.7,14901.1,-29452.3,-23687.4,0,0,19737.7,14901.1,None,225921,242758
Trade_4477,CSA_28,27882.5,7466.14,-42110.6,-10927.1,n/a,n/a,0,0,None,305696,407418
Trade_4123,CSA_28,297.699,4905.85,-471.176,-7828.5,n/a,n/a,0,0,None,3676.46,4718.26
Trade_6104,CSA_28,330.214,10909.5,-614.652,-18155.7,n/a,n/a,0,0,None,6557.93,7723.46
Trade_1691,CSA_28,107.815,1.66344,-137.547,-2.93136,n/a,n/a,0,0,None,5854.49,9152.97
Trade_6979,CSA_28,46.0937,544.644,-73.0771,-727.901,n/a,n/a,0,0,None,2275.18,3472.47
,CSA_29,11895.6,33743,-18922.2,-51067.1,0,0,11895.6,33743,None,129167,169790
Trade_7529,CSA_29,9626.46,131.662,-15776.7,-214.719,n/a,n/a,0,0,None,138722,228604
Trade_8263,CSA_29,54.8848,308,-105.794,-489.478,n/a,n/a,0,0,None,1323.55,1610.13
Trade_1000,CSA_29,1286.41,82.957,-2075.14,-150.156,n/a,n/a,0,0,None,23288.6,50185.6
Trade_9407,CSA_29,7181.97,39484,-10723.4,-59984.1,n/a,n/a,0,0,None,83545.6,91813.9
Trade_2293,CSA_29,9.50061,0.0054313,-12.5412,-0.010202,n/a,n/a,0,0,None,496.411,803.05
,CSA_3,36953.6,11987.7,-57786.9,-17594.6,0,0,36953.6,11987.7,None,387913,638400
Trade_1439,CSA_3,10733.6,139.074,-17781.2,-241.962,n/a,n/a,0,0,None,178409,291807
Trade_8557,CSA_3,6457.4,2635.59,-10553.8,-4799.1,n/a,n/a,0,0,None,117145,232247
Trade_7877,CSA_3,30364.4,2205.91,-47052.7,-3225.45,n/a,n/a,0,0,None,323384,441493
Trade_2251,CSA_3,14828.9,9236.16,-22952.6,-14151.6,n/a,n/a,0,0,None,163007,196364
Trade_8770,CSA_3,3336.46,26538.1,-4865.54,-40595.5,n/a,n/a,0,0,None,39703.8,41758.6
,CSA_30,1836.37,12271.6,-2886.05,-19111,0,0,1836.37,12271.6,None,20439,30598.2
Trade_1230,CSA_30,1463.57,4648.84,-2207.55,-7101.14,n/a,n/a,0,0,None,16671.7,18512
Trade_1699,CSA_30,1996.69,4431.58,-3111.66,-6840.6,n/a,n/a,0,0,None,22119.6,27565.1
Trade_9091,CSA_30,1708.02,6559.27,-2973.47,-10609,n/a,n/a,0,0,None,27333.6,34658.9
Trade_9063,CSA_30,220.598,190.783,-367.973,-344.95,n/a,n/a,0,0,None,3984.11,6200.1
Trade_6415,CSA_30,7.35347,1.02669,-11.9455,-1.88073,n/a,n/a,0,0,None,132.247,260.394
,CSA_31,7264.72,1.93365,-11688.8,-2.23794,0,0,7264.72,1.93365,None,92588.2,179040
Trade_4367,CSA_31,1931.03,25.2538,-3195.22,-46.6817,n/a,n/a,0,0,None,38254.7,62854.9
Trade_9229,CSA_31,123.028,1861.24,-220.136,-3115.41,n/a,n/a,0,0,None,2079.67,2575.97
Trade_7747,CSA_31,1529.53,496.033,-2493.11,-857.109,n/a,n/a,0,0,None,22156.6,40257.1
Trade_9862,CSA_31,2.18845,553.3,-4.35044,-874.092,n/a,n/a,0,0,None,59.9396,68.5194
Trade_2525,CSA_31,6635.26,22.4246,-10699.5,-32.4634,n/a,n/a,0,0,None,84844.2,146730
,CSA_32,12037.5,45936.4,-20565.8,-69008.7,0,0,12037.5,45936.4,None,121328,244452
Trade_8531,CSA_32,64.5152,1304.85,-109.478,-1642.68,n/a,n/a,0,0,None,3168.68,4344.75
Trade_2481,CSA_32,2700.19,7530.21,-4854.29,-12429.4,n/a,n/a,0,0,None,45163.8,57912.8
Trade_4569,CSA_32,2554.5,65049.6,-3695.22,-99508.6,n/a,n/a,0,0,None,30448,38353.1
Trade_4673,CSA_32,10642.4,4059.51,-18250.6,-6972.83,n/a,n/a,0,0,None,164283,237907
Trade_7036,CSA_32,28544.7,461.119,-45979.9,-778.843,n/a,n/a,0,0,None,411180,802915
,CSA_33,3897.68,98234.5,-5447.04,-152141,0,0,3897.68,98234.5,None,46528.6,67726.2
Trade_6487,CSA_33,614.83,79107.4,-830.274,-122713,n/a,n/a,0,0,None,7679.65,8621.51
Trade_5412,CSA_33,5475.94,3410.75,-9037.54,-5915.95,n/a,n/a,0,0,None,79407.2,115249
Trade_8728,CSA_33,19490.6,59.2465,-31877.5,-91.1777,n/a,n/a,0,0,None,280624,483652
Trade_2499,CSA_33,7439.36,27089.8,-11692.5,-42834,n/a,n/a,0,0,None,82998.5,105358
Trade_5487,CSA_33,643.783,18334.2,-1184.9,-29762.8,n/a,n/a,0,0,None,11916.4,16202.2
,CSA_34,11986.3,31558.2,-19351,-51128.7,0,0,11986.3,31558.2,None,126527,205643
Trade_1700,CSA_34,7676.32,22259,-11891.2,-35104.9,n/a,n/a,0,0,None,85022.5,106411
Trade_4782,CSA_34,1648.06,523.341,-2545.53,-819.916,n/a,n/a,0,0,None,17519.1,27051.3
Trade_3640,CSA_34,704.804,6795.77,-1322.7,-11271.9,n/a,n/a,0,0,None,16235.5,21399.8
Trade_8528,CSA_34,285.911,1979.31,-490.258,-3293.36,n/a,n/a,0,0,None,4216.41,5357.06
Trade_9802,CSA_34,3165.37,1495.02,-5248.17,-2785.4,n/a,n/a,0,0,None,69111.7,111338
,CSA_35,27484.3,4104.2,-42724.6,-5655.2,0,0,27484.3,4104.2,None,286653,564585
Trade_7899,CSA_35,15317.6,788.911,-24731.4,-1327.04,n/a,n/a,0,0,None,220971,455880
Trade_8884,CSA_35,151.37,1966.68,-287.069,-3191.12,n/a,n/a,0,0,None,2999.27,4768.57
Trade_8519,CSA_35,15202.9,5225.32,-23191.5,-7951.89,n/a,n/a,0,0,None,165494,209510
Trade_3939,CSA_35,2963.43,3194.33,-5366.37,-5461.47,n/a,n/a,0,0,None,57427.2,82139
Trade_1053,CSA_35,1280.78,360.817,-2013.71,-589.106,n/a,n/a,0,0,None,14987,24999.5
,CSA_36,2485.08,10738.7,-3606.08,-17315.2,0,0,2485.08,10738.7,None,30160.9,38925.4
Trade_5774,CSA_36,90.5073,13.4475,-140.898,-19.2702,n/a,n/a,0,0,None,954.246,2067.11
Trade_7788,CSA_36,1432.37,17458.2,-2304.89,-28207,n/a,n/a,0,0,None,18392.1,22983.4
Trade_5690,CSA_36,10274,1808.6,-16092.5,-2764.55,n/a,n/a,0,0,None,109279,152975
Trade_2085,CSA_36,297.757,1745.26,-537.059,-2983.69,n/a,n/a,0,0,None,5328.33,6884.56
Trade_7865,CSA_36,4612.02,3934.71,-7441.38,-6251.28,n/a,n/a,0,0,None,52271.2,74007.5
,CSA_37,31374.8,451.287,-50148.9,-553.818,0,0,31374.8,451.287,None,316841,659834
Trade_1207,CSA_37,176.709,1800.3,-277.15,-2863.51,n/a,n/a,0,0,None,2080.12,2709.42
Trade_7281,CSA_37,21850.3,316.376,-35563.7,-498.944,n/a,n/a,0,0,None,295959,491503
Trade_6743,CSA_37,2300.74,160.515,-3536.78,-235.789,n/a,n/a,0,0,None,24879.9,30413.8
Trade_2854,CSA_37,51.6382,875.978,-100.45,-1289.5,n/a,n/a,0,0,None,1632.21,1820.87
Trade_8975,CSA_37,13045.8,3348.37,-20214.4,-5209.69,n/a,n/a,0,0,None,137917,230303
,CSA_38,110421,805.41,-171815,-1131.34,0,0,110421,805.41,None,1.15436e+06,2.07406e+06
Trade_9898,CSA_38,12009.3,8681.99,-19382.6,-13784.2,n/a,n/a,0,0,None,135740,185646
Trade_2571,CSA_38,69781.9,1552.75,-107815,-2123.89,n/a,n/a,0,0,None,733551,1.34034e+06
Trade_4065,CSA_38,12677,305.297,-20450.3,-508.375,n/a,n/a,0,0,None,194999,396123
Trade_8972,CSA_38,0.21454,28.5466,-0.272565,-44.3544,n/a,n/a,0,0,None,2.80486,3.54323
Trade_4152,CSA_38,26097,381.385,-40007.7,-511.745,n/a,n/a,0,0,None,281174,380723
,CSA_39,386.413,15139,-715.233,-24502.3,0,0,386.413,15139,None,3758.13,13843
Trade_2155,CSA_39,45.6613,2.28302,-69.3268,-3.24726,n/a,n/a,0,0,None,501.803,574.928
Trade_5683,CSA_39,380.165,13972,-717.839,-22579.2,n/a,n/a,0,0,None,7659.69,11794.6
Trade_2502,CSA_39,0.252101,54.0758,-0.505019,-85.8049,n/a,n/a,0,0,None,6.36219,9.71288
Trade_9577,CSA_39,437.336,1489.89,-785.918,-2568.32,n/a,n/a,0,0,None,9076.41,13066.3
Trade_3931,CSA_39,177.818,275.607,-324.233,-448.28,n/a,n/a,0,0,None,4873.95,7296.21
,CSA_4,6837.29,16369,-10979.4,-25633.6,0,0,6837.29,16369,None,70769.7,116444
Trade_9164,CSA_4,616.206,984.067,-943.189,-1525.9,n/a,n/a,0,0,None,6759.99,8075.41
Trade_6739,CSA_4,6371.19,2108.66,-10367.8,-3753.94,n/a,n/a,0,0,None,106304,217777
Trade_9479,CSA_4,1965.14,17725.9,-2844.36,-27167.6,n/a,n/a,0,0,None,23476,25094.8
Trade_5653,CSA_4,2474.88,1077.07,-3803.12,-1641.58,n/a,n/a,0,0,None,27259.3,31240.9
Trade_5418,CSA_4,3204.8,2268.19,-4906.46,-3430.19,n/a,n/a,0,0,None,35604.7,40332.3
,CSA_40,10083,27040.4,-14668.2,-40501.3,0,0,10083,27040.4,None,119705,124375
Trade_3170,CSA_40,10356.7,3288.73,-16701.9,-5635.7,n/a,n/a,0,0,None,141033,236161
Trade_5103,CSA_40,321.959,5726.37,-461.335,-8748.15,n/a,n/a,0,0,None,3850,4240.61
Trade_2426,CSA_40,1449.96,885.412,-2211.67,-1353.17,n/a,n/a,0,0,None,15890.6,18826.2
Trade_3916,CSA_40,20673.8,6446.73,-31039.2,-9442.89,n/a,n/a,0,0,None,229463,267021
Trade_3107,CSA_40,6357.21,39769.8,-9490.96,-60558.2,n/a,n/a,0,0,None,73936.3,83215.5
,CSA_41,90789.6,7367.84,-138284,-11059.5,0,0,90789.6,7367.84,None,976472,1.5788e+06
Trade_5509,CSA_41,12274.1,21847.1,-19360.1,-34768.8,n/a,n/a,0,0,None,134173,173534
Trade_4362,CSA_41,743.478,639.135,-1226.45,-1185.23,n/a,n/a,0,0,None,18426.3,29591.1
Trade_1454,CSA_41,99.2805,906.062,-174.887,-1517.34,n/a,n/a,0,0,None,1544.92,1974.87
Trade_2719,CSA_41,0.460714,24.7255,-0.792416,-40.1113,n/a,n/a,0,0,None,8.77527,9.94271
Trade_1369,CSA_41,95154.9,1433.32,-145876,-1902.8,n/a,n/a,0,0,None,1.01642e+06,1.63758e+06
,CSA_42,1510.64,5265.47,-2480.12,-8723.17,0,0,1510.64,5265.47,None,20137.1,32224.2
Trade_4550,CSA_42,2.82971,1.53784,-4.68494,-2.79059,n/a,n/a,0,0,None,50.6227,84.9548
Trade_7424,CSA_42,1449.02,4778.4,-2419.44,-7963.07,n/a,n/a,0,0,None,19784.4,25687.4
Trade_8746,CSA_42,13.1835,144.688,-22.2008,-181.034,n/a,n/a,0,0,None,646.581,854.273
Trade_4208,CSA_42,173.605,3070.8,-287.812,-5043.21,n/a,n/a,0,0,None,2464.72,3007
Trade_8320,CSA_42,2715.61,113.651,-4428.81,-215.893,n/a,n/a,0,0,None,76847.6,103383
,CSA_43,326.951,5703.35,-474.907,-9040.15,0,0,326.951,5703.35,None,3811.14,5127.47
Trade_4724,CSA_43,1770.87,127.375,-2628.42,-222.462,n/a,n/a,0,0,None,72124.8,95678.9
Trade_4734,CSA_43,1.54021,18.9098,-2.96221,-30.5074,n/a,n/a,0,0,None,34.133,47.9968
Trade_3661,CSA_43,227.662,6809.64,-350.7,-10932,n/a,n/a,0,0,None,3010.88,3853.94
Trade_3673,CSA_43,0.652341,1134.6,-1.2093,-1470.94,n/a,n/a,0,0,None,32.4229,87.369
Trade_9895,CSA_43,896.214,182.804,-1389.18,-281.852,n/a,n/a,0,0,None,9385.04,17758.3
,CSA_44,16532.4,819.844,-27180.9,-1394.28,0,0,16532.4,819.844,None,239110,352207
Trade_2377,CSA_44,42.6431,210.559,-82.4767,-332.344,n/a,n/a,0,0,None,1030.29,1196.28
Trade_5734,CSA_44,1756.34,27.7787,-2881.92,-46.3066,n/a,n/a,0,0,None,25318.2,41735.4
Trade_3217,CSA_44,780.039,1004.16,-1294.28,-1737.61,n/a,n/a,0,0,None,11219.1,15753.1
Trade_1718,CSA_44,15789.4,996.563,-26029,-1698,n/a,n/a,0,0,None,228161,328334
Trade_5291,CSA_44,63.1635,480.016,-115.345,-802.09,n/a,n/a,0,0,None,1702.27,2272.07
,CSA_45,4659.63,25624,-6688.74,-41207.6,0,0,4659.63,25624,None,55596.6,64849.6
Trade_1706,CSA_45,8840.97,1887.11,-13459,-2819.77,n/a,n/a,0,0,None,95539.9,149428
Trade_4312,CSA_45,97.569,16.8937,-144.562,-28.7189,n/a,n/a,0,0,None,3901.52,5325.34
Trade_9302,CSA_45,0.462541,2.49994,-0.816921,-4.27472,n/a,n/a,0,0,None,7.67602,9.9461
Trade_4426,CSA_45,1217.76,16711.8,-1949.67,-26995.9,n/a,n/a,0,0,None,15687,19298.1
Trade_3818,CSA_45,159.162,12661.9,-270.937,-20495.2,n/a,n/a,0,0,None,2841.12,4199.88
,CSA_46,23815.6,1766.66,-36610.9,-2655.79,0,0,23815.6,1766.66,None,252286,432698
Trade_5450,CSA_46,10.7415,1.23795,-17.3563,-2.04336,n/a,n/a,0,0,None,140.78,176.194
Trade_7805,CSA_46,157.831,387.332,-293.883,-576.527,n/a,n/a,0,0,None,4987.29,5911
Trade_8268,CSA_46,470.938,29.472,-717.497,-57.9813,n/a,n/a,0,0,None,13633.7,27869.6
Trade_3409,CSA_46,26412.5,1597.37,-40767.2,-2358.21,n/a,n/a,0,0,None,277218,528176
Trade_3336,CSA_46,56.8786,3044.61,-99.3978,-4945.5,n/a,n/a,0,0,None,989.563,1190.72
,CSA_47,36016.7,18.0781,-56614.5,-22.516,0,0,36016.7,18.0781,None,372399,707917
Trade_8640,CSA_47,2062.93,955.927,-3222.23,-1477.05,n/a,n/a,0,0,None,22342.7,29031.3
Trade_9847,CSA_47,11727.6,168.579,-19027.6,-302.174,n/a,n/a,0,0,None,194810,379955
Trade_3614,CSA_47,2962.43,6145.17,-4692,-9651.83,n/a,n/a,0,0,None,36436.1,46327.8
Trade_3934,CSA_47,48865.9,320.37,-75218.3,-411.646,n/a,n/a,0,0,None,523853,723337
Trade_8170,CSA_47,3657.76,25688,-5259.85,-38985.4,n/a,n/a,0,0,None,44080.3,45365.7
,CSA_48,7096.92,36243.6,-10550.2,-57423.8,0,0,7096.92,36243.6,None,82385.8,105821
Trade_5664,CSA_48,51.6266,345.968,-91.8324,-587.284,n/a,n/a,0,0,None,854.919,1127.29
Trade_9532,CSA_48,1397.87,27677,-2218.82,-44198.2,n/a,n/a,0,0,None,20632.5,28823.5
Trade_9956,CSA_48,14.9164,0.400321,-23.6557,-0.797586,n/a,n/a,0,0,None,369.977,687.581
Trade_8036,CSA_48,5732.24,13886.3,-9136.07,-22254.7,n/a,n/a,0,0,None,65532.2,84463.4
Trade_5759,CSA_48,11339.2,5772.9,-17486.1,-8789.08,n/a,n/a,0,0,None,124769,151768
,CSA_49,52738.8,17207.3,-80670.5,-25498,0,0,52738.8,17207.3,None,578446,668263
Trade_5033,CSA_49,1124.84,11.7842,-1699.78,-23.6074,n/a,n/a,0,0,None,32640.5,68892.2
Trade_4925,CSA_49,17094.6,878.797,-26632.9,-1300.08,n/a,n/a,0,0,None,180546,257969
Trade_7426,CSA_49,39134.4,21514.7,-59616.4,-32384.2,n/a,n/a,0,0,None,435814,475876
Trade_5350,CSA_49,419.141,0.511201,-643.81,-0.63862,n/a,n/a,0,0,None,4503.25,6044.24
Trade_1773,CSA_49,224.049,59.824,-395.004,-106.765,n/a,n/a,0,0,None,4856.75,5940.67
,CSA_5,9655.63,8091.08,-15949,-13210.5,0,0,9655.63,8091.08,None,103290,165098
Trade_9846,CSA_5,10424.8,293.793,-16418.8,-436.699,n/a,n/a,0,0,None,110962,166720
Trade_6981,CSA_5,1819.11,3904.24,-3230.18,-6365.35,n/a,n/a,0,0,None,28427.5,39846.1
Trade_4976,CSA_5,74.0383,618.665,-142.207,-904.057,n/a,n/a,0,0,None,2385.49,3166.68
Trade_2386,CSA_5,648.034,1044.63,-1194.68,-1727.17,n/a,n/a,0,0,None,12759.6,16288.5
Trade_6469,CSA_5,874.48,6414.56,-1542.05,-10356.2,n/a,n/a,0,0,None,13928.6,18626.7
,CSA_50,1752.1,7330.18,-2604.53,-11271.9,0,0,1752.1,7330.18,None,20410.3,23207.6
Trade_5598,CSA_50,5119.91,2528.7,-7955.04,-3893.32,n/a,n/a,0,0,None,55835.4,67801.2
Trade_4177,CSA_50,10.6436,13.2309,-17.1367,-21.214,n/a,n/a,0,0,None,144.505,181.846
Trade_8809,CSA_50,30.7505,7356.32,-40.5085,-11469.1,n/a,n/a,0,0,None,392.419,448.407
Trade_3654,CSA_50,498.342,1312.03,-751.795,-2010.4,n/a,n/a,0,0,None,5691.55,6958.14
Trade_4651,CSA_50,54.0004,81.4588,-86.3733,-124.219,n/a,n/a,0,0,None,2071.4,2778.45
,CSA_51,2767.81,68213.2,-3871.12,-104632,0,0,2767.81,68213.2,None,33967.7,35582.6
Trade_2254,CSA_51,0.122485,4.53701,-0.208402,-7.57654,n/a,n/a,0,0,None,2.03795,2.71585
Trade_2516,CSA_51,3780.91,12319.2,-6447.06,-19820.3,n/a,n/a,0,0,None,56808.3,75331.1
Trade_5925,CSA_51,798.849,24442.7,-1109.75,-37384.5,n/a,n/a,0,0,None,9862.5,10360.5
Trade_3525,CSA_51,3592.44,2182.68,-5558.75,-3460.51,n/a,n/a,0,0,None,38583,52394.9
Trade_2879,CSA_51,1170.43,35839.1,-1625.91,-54829.5,n/a,n/a,0,0,None,14452.8,15114.2
,CSA_52,4627.39,13692.3,-7525.41,-22381,0,0,4627.39,13692.3,None,47963.3,78230.4
Trade_2871,CSA_52,1765.13,7335.36,-2632.65,-11235.3,n/a,n/a,0,0,None,20499,22086
Trade_4166,CSA_52,2633.33,7347.18,-4542.22,-12578.3,n/a,n/a,0,0,None,40507.4,53733.8
Trade_5009,CSA_52,115.078,4.84695,-176.455,-6.33867,n/a,n/a,0,0,None,1229.34,2073.76
Trade_1903,CSA_52,35.0268,24.5283,-53.0579,-35.3165,n/a,n/a,0,0,None,382.194,563.093
Trade_7929,CSA_52,1193.64,95.1512,-1776.41,-181.16,n/a,n/a,0,0,None,40839.3,80849.7
,CSA_53,7661.75,1565.48,-12680.9,-1876.67,0,0,7661.75,1565.48,None,77832.9,169089
Trade_4995,CSA_53,2575.65,10410,-4060.64,-16523.2,n/a,n/a,0,0,None,28520.1,36853.8
Trade_1641,CSA_53,16109.1,1340.18,-26762.6,-2300.82,n/a,n/a,0,0,None,232889,321100
Trade_5528,CSA_53,339.445,422.326,-553.018,-707.723,n/a,n/a,0,0,None,4388.39,6151.32
Trade_1970,CSA_53,110.387,845.803,-167.245,-1174.3,n/a,n/a,0,0,None,5253.43,6428.12
Trade_2031,CSA_53,0.138035,20.1894,-0.253138,-33.5007,n/a,n/a,0,0,None,2.79405,3.29535
,CSA_54,32016.8,917.567,-49615.3,-1256.33,0,0,32016.8,917.567,None,341518,471549
Trade_6027,CSA_54,45785.4,3029.33,-69896.8,-4257.02,n/a,n/a,0,0,None,499002,583244
Trade_6363,CSA_54,3113.35,3468.74,-4839.81,-5456.36,n/a,n/a,0,0,None,33472.6,44419.2
Trade_7894,CSA_54,2251.46,34509.6,-3141.35,-52394.1,n/a,n/a,0,0,None,27887.3,28558.7
Trade_7486,CSA_54,23443.1,2929.34,-36094.9,-4343.39,n/a,n/a,0,0,None,253471,325134
Trade_7074,CSA_54,1196.98,754.103,-2103.97,-1266.97,n/a,n/a,0,0,None,32625.2,40444.5
,CSA_55,44067.3,689.823,-70110.7,-1087.83,0,0,44067.3,689.823,None,449117,874396
Trade_7766,CSA_55,2164.81,1233.22,-3607.34,-2213.35,n/a,n/a,0,0,None,35904.5,54563.9
Trade_5889,CSA_55,21576.7,823.005,-34214.1,-1255.44,n/a,n/a,0,0,None,239669,352028
Trade_4557,CSA_55,10714.8,494.555,-17994.6,-879.902,n/a,n/a,0,0,None,178197,257160
Trade_2902,CSA_55,1955.17,1155.3,-3199.48,-2082.2,n/a,n/a,0,0,None,54302,82927.4
Trade_3958,CSA_55,10930.7,258.678,-16795.7,-357.382,n/a,n/a,0,0,None,117445,159570
,CSA_56,73506.1,999.681,-112481,-1371.36,0,0,73506.1,999.681,None,787697,1.289e+06
Trade_6639,CSA_56,1521.74,83.0586,-2094.57,-155.461,n/a,n/a,0,0,None,64450.9,134835
Trade_4692,CSA_56,8109.16,930.934,-12728.4,-1417.02,n/a,n/a,0,0,None,87741.5,118444
Trade_7966,CSA_56,3858.15,3882.38,-6185.78,-6339.08,n/a,n/a,0,0,None,45105.9,65989.2
Trade_1680,CSA_56,61797.5,903.716,-94319.2,-1220.07,n/a,n/a,0,0,None,669906,884701
Trade_5585,CSA_56,3054.23,34.24,-4980.69,-67.2804,n/a,n/a,0,0,None,75782.6,122373
,CSA_57,187.082,158963,-239.058,-243110,0,0,187.082,158963,None,2512.32,2842.93
Trade_4244,CSA_57,7965.4,273.813,-12288.3,-393.29,n/a,n/a,0,0,None,85377.7,111383
Trade_6117,CSA_57,591.843,4540.58,-920.093,-7176.26,n/a,n/a,0,0,None,6706.35,8824.92
Trade_1245,CSA_57,517.21,86391.4,-687.421,-132483,n/a,n/a,0,0,None,6491.77,8032
Trade_9413,CSA_57,3979.2,80821.3,-5464.76,-122489,n/a,n/a,0,0,None,49307.6,54636
Trade_8709,CSA_57,225.747,28.5508,-348.707,-39.1927,n/a,n/a,0,0,None,2367.63,4604.22
,CSA_58,25124.3,23629.4,-39537.9,-35763.8,0,0,25124.3,23629.4,None,269092,357152
Trade_4850,CSA_58,588.127,22138.5,-833.257,-34068.9,n/a,n/a,0,0,None,7081.69,8313.2
Trade_5195,CSA_58,12444.7,2661.63,-20071.4,-4290.62,n/a,n/a,0,0,None,145223,211678
Trade_7026,CSA_58,20293.8,2328.64,-31780.4,-3593.93,n/a,n/a,0,0,None,214184,297229
Trade_6906,CSA_58,709.145,119.385,-1028.29,-203.668,n/a,n/a,0,0,None,28982.5,42889.4
Trade_5818,CSA_58,16919.6,22212.3,-25846.7,-33628.9,n/a,n/a,0,0,None,190297,213702
,CSA_59,3.27036,27256.7,-4.07511,-42410.9,0,0,3.27036,27256.7,None,36.952,42.5909
Trade_4873,CSA_59,619.55,18367.3,-898.422,-28527.3,n/a,n/a,0,0,None,7311.57,9028.61
Trade_8550,CSA_59,249.8,1970.18,-384.283,-3094.08,n/a,n/a,0,0,None,2810.14,3539.92
Trade_6600,CSA_59,65.1183,2.9629,-107.003,-5.02987,n/a,n/a,0,0,None,951.182,1194.27
Trade_9104,CSA_59,902.59,8708.48,-1367.52,-13471.3,n/a,n/a,0,0,None,10248.2,14549
Trade_4819,CSA_59,35.8482,77.3721,-52.495,-118.781,n/a,n/a,0,0,None,418.764,558.883
,CSA_6,30545.4,136.526,-47074.1,-182.81,0,0,30545.4,136.526,None,327823,446059
Trade_5795,CSA_6,184.214,1608.41,-337.748,-2461.22,n/a,n/a,0,0,None,5918.71,9995.05
Trade_8082,CSA_6,31289.3,124.839,-48150,-159.964,n/a,n/a,0,0,None,334811,483824
Trade_4865,CSA_6,0.211022,32.7455,-0.283809,-52.134,n/a,n/a,0,0,None,3.01866,5.48521
Trade_4199,CSA_6,26.6195,0.939688,-44.3654,-1.78742,n/a,n/a,0,0,None,587.422,911.717
Trade_2557,CSA_6,759.866,84.4215,-1198.63,-164.627,n/a,n/a,0,0,None,19005.1,38755.8
,CSA_60,4417.52,40672.5,-6674.95,-64608,0,0,4417.52,40672.5,None,50463.8,63435.1
Trade_3368,CSA_60,54.6714,2642.72,-98.8956,-4398.31,n/a,n/a,0,0,None,997.073,1279.66
Trade_6887,CSA_60,4779.87,8962.87,-7423.72,-13805.3,n/a,n/a,0,0,None,53158.5,69352.9
Trade_6523,CSA_60,14597.6,59.4713,-23568.2,-87.4051,n/a,n/a,0,0,None,186421,323982
Trade_2236,CSA_60,2411.11,9965.36,-3662.78,-15485.2,n/a,n/a,0,0,None,27417.3,31433.1
Trade_9062,CSA_60,547.794,37015.6,-839.667,-59750.1,n/a,n/a,0,0,None,7687.54,9885.39
,CSA_61,2394.31,8615.6,-3767.99,-13221.7,0,0,2394.31,8615.6,None,26049.6,37938.4
Trade_9336,CSA_61,49.1548,790.134,-86.0251,-1276.04,n/a,n/a,0,0,None,858.279,1109.24
Trade_1912,CSA_61,403.262,655.62,-583.85,-920.387,n/a,n/a,0,0,None,19759.3,28978.4
Trade_4085,CSA_61,1979.73,6707.46,-3028.14,-10357.6,n/a,n/a,0,0,None,22273.1,25095.7
Trade_8146,CSA_61,312.028,101.272,-508.659,-180.68,n/a,n/a,0,0,None,4804.15,8785.94
Trade_7498,CSA_61,1128.15,1839.14,-2110.05,-3035.68,n/a,n/a,0,0,None,24338.5,33062.6
,CSA_62,6724.98,4118.76,-10700.8,-6291.36,0,0,6724.98,4118.76,None,71504.4,99741.3
Trade_7183,CSA_62,4465.85,148.435,-7024.23,-215.682,n/a,n/a,0,0,None,51542.5,103586
Trade_6528,CSA_62,25.9483,0.00145742,-36.9662,-0.00300506,n/a,n/a,0,0,None,1062.91,1784.58
Trade_7460,CSA_62,0.00823266,82.292,-0.0147145,-132.898,n/a,n/a,0,0,None,0.195735,0.411911
Trade_9801,CSA_62,5016.1,6347.56,-7755.21,-9786.67,n/a,n/a,0,0,None,55720.7,70937
Trade_6106,CSA_62,1273.39,1596.79,-2315.9,-2587.68,n/a,n/a,0,0,None,34548.7,42649
,CSA_63,31196.1,14904.2,-48342.9,-23074,0,0,31196.1,14904.2,None,329013,572117
Trade_9028,CSA_63,57188,1075.39,-89414.5,-1465.34,n/a,n/a,0,0,None,603688,1.23092e+06
Trade_3158,CSA_63,32.7265,37.2208,-52.7713,-60.2399,n/a,n/a,0,0,None,420.135,654.131
Trade_9296,CSA_63,1.74772,10.8931,-3.00319,-18.0854,n/a,n/a,0,0,None,25.4785,33.0327
Trade_7097,CSA_63,185.401,5907.24,-286.794,-9413.6,n/a,n/a,0,0,None,2333.41,2921.65
Trade_5047,CSA_63,2617.11,36702.3,-3902.91,-57433.8,n/a,n/a,0,0,None,30232.3,36849.6
,CSA_64,135.354,29404.2,-184.684,-46294.2,0,0,135.354,29404.2,None,1767.74,2228.03
Trade_6408,CSA_64,168.033,20734.4,-239.159,-32812.7,n/a,n/a,0,0,None,2134.26,2559.84
Trade_8209,CSA_64,443.329,5812.29,-770.916,-9756.75,n/a,n/a,0,0,None,6958.45,8433.97
Trade_3930,CSA_64,1318.21,244.444,-2108.67,-469.073,n/a,n/a,0,0,None,29341.1,63549.6
Trade_3393,CSA_64,5.91275,4426.05,-11.7086,-6221.42,n/a,n/a,0,0,None,235.431,387.68
Trade_9770,CSA_64,12.8266,0.000199136,-20.0114,-0.000367486,n/a,n/a,0,0,None,365.259,644.304
,CSA_65,15516.3,1568.13,-24862.2,-2560.44,0,0,15516.3,1568.13,None,156815,301638
Trade_6652,CSA_65,1221.85,789.625,-1913.17,-1224.46,n/a,n/a,0,0,None,13194.5,16739.1
Trade_7640,CSA_65,2072.7,226.8,-3200.33,-332.675,n/a,n/a,0,0,None,22347.9,27833.4
Trade_9666,CSA_65,18754.3,630.154,-30349.9,-1015.15,n/a,n/a,0,0,None,240413,370794
Trade_1011,CSA_65,4.00757,1.0117,-6.51272,-1.66976,n/a,n/a,0,0,None,52.867,66.0148
Trade_3886,CSA_65,1404.2,7861.25,-2320.43,-12914.5,n/a,n/a,0,0,None,18498.5,23473.4
,CSA_66,22204.2,3227.01,-34676.4,-4521.45,0,0,22204.2,3227.01,None,228766,473217
Trade_5337,CSA_66,65.3774,5.49923,-110.357,-9.70605,n/a,n/a,0,0,None,1095.49,1447.28
Trade_6109,CSA_66,27188.3,3794.29,-41182.4,-5445.03,n/a,n/a,0,0,None,300595,331160
Trade_1081,CSA_66,1782.41,28.7991,-2600.28,-57.8132,n/a,n/a,0,0,None,61133.1,120733
Trade_2360,CSA_66,3204.9,51111.7,-4468.27,-77718.5,n/a,n/a,0,0,None,39683.8,40701.8
Trade_6761,CSA_66,42374.6,698.132,-65995.7,-970.93,n/a,n/a,0,0,None,445462,696875
,CSA_67,2014.25,20492.1,-2925.11,-31612.2,0,0,2014.25,20492.1,None,24072.2,24837.3
Trade_9540,CSA_67,1.80891,85.099,-2.32191,-130.699,n/a,n/a,0,0,None,23.685,24.2044
Trade_7475,CSA_67,61.8002,2682.51,-88.3088,-4164.04,n/a,n/a,0,0,None,736.116,924.187
Trade_4346,CSA_67,7310.9,2338.48,-11128.2,-3490.77,n/a,n/a,0,0,None,80889,89860.7
Trade_9017,CSA_67,18.3615,62.4082,-26.0904,-96.4766,n/a,n/a,0,0,None,219.923,254.796
Trade_7648,CSA_67,1268.42,21970.6,-1842.74,-33892.7,n/a,n/a,0,0,None,15124.4,15892.6
,CSA_68,604.5,6426.41,-844.942,-10068.7,0,0,604.5,6426.41,None,7830.34,9947.03
Trade_4676,CSA_68,1418.48,8941.26,-2195.68,-13960.2,n/a,n/a,0,0,None,16232.4,21540.2
Trade_9494,CSA_68,57.2923,0.42473,-89.003,-0.539684,n/a,n/a,0,0,None,599.671,1098.89
Trade_7441,CSA_68,1268.04,2571.14,-2153.72,-4177.29,n/a,n/a,0,0,None,17613.7,22794.5
Trade_6115,CSA_68,6631.68,3799.69,-10188,-5857.57,n/a,n/a,0,0,None,71581.8,97402.6
Trade_1836,CSA_68,198.882,83.7648,-271.644,-126.206,n/a,n/a,0,0,None,9743.22,12448.1
,CSA_69,6928.18,30978.4,-10427,-49311.7,0,0,6928.18,30978.4,None,79803,88412.1
Trade_6808,CSA_69,12795.2,7461.79,-19600.3,-11385.6,n/a,n/a,0,0,None,137828,191347
Trade_3045,CSA_69,473.07,980.149,-778.996,-1659.89,n/a,n/a,0,0,None,14853.4,20202.3
Trade_4899,CSA_69,2418.6,298.36,-3742.75,-447.608,n/a,n/a,0,0,None,25981.4,34269.5
Trade_8153,CSA_69,991.602,30670.9,-1552.54,-49334.5,n/a,n/a,0,0,None,13030.6,16313.9
Trade_8397,CSA_69,3.61849,1321.2,-6.25138,-1738,n/a,n/a,0,0,None,180.94,301.422
,CSA_7,39549.3,1796.44,-60408.3,-2452.93,0,0,39549.3,1796.44,None,433154,542987
Trade_5420,CSA_7,276.859,402.585,-450.318,-681.997,n/a,n/a,0,0,None,8861.81,12330.9
Trade_1613,CSA_7,1909.91,491.372,-3002.99,-868.176,n/a,n/a,0,0,None,61537,108330
Trade_2697,CSA_7,28.9513,6466.54,-57.611,-10205.1,n/a,n/a,0,0,None,782.056,873.099
Trade_7746,CSA_7,29009.3,3302.57,-44662.6,-4851.08,n/a,n/a,0,0,None,312626,392930
Trade_7209,CSA_7,17635.4,444.507,-26997.1,-608.86,n/a,n/a,0,0,None,190587,252315
,CSA_70,1230.16,80471.7,-1693.88,-126124,0,0,1230.16,80471.7,None,15005.7,17812.2
Trade_6275,CSA_70,93.4256,0.0126142,-150.557,-0.0213122,n/a,n/a,0,0,None,2066.12,3978.76
Trade_8510,CSA_70,1783.19,142.751,-2876.66,-240.936,n/a,n/a,0,0,None,27502,59574.1
Trade_1471,CSA_70,1991.74,58318.2,-2883.67,-91237.3,n/a,n/a,0,0,None,23539,28821.4
Trade_5935,CSA_70,2946.45,19207.4,-4533.41,-29902.9,n/a,n/a,0,0,None,33811.9,44095.2
Trade_5086,CSA_70,12.954,8400.98,-25.6218,-13518.6,n/a,n/a,0,0,None,317.129,379.877
,CSA_71,1967.09,11879.8,-3567.08,-19354.7,0,0,1967.09,11879.8,None,21867.7,48730.4
Trade_3223,CSA_71,1.78435,5.07965,-3.06959,-8.24163,n/a,n/a,0,0,None,28.7406,35.7601
Trade_5477,CSA_71,521.373,200.338,-826.251,-323.217,n/a,n/a,0,0,None,6054.7,11728.5
Trade_4786,CSA_71,640.745,170.907,-1122.91,-306.316,n/a,n/a,0,0,None,13919.3,19190.4
Trade_4970,CSA_71,160.384,0.348737,-256.518,-0.443537,n/a,n/a,0,0,None,1930.22,3955.51
Trade_5849,CSA_71,1592.46,12452.7,-2928.45,-20286.6,n/a,n/a,0,0,None,29031.6,36262.5
,CSA_72,12073.5,4491.5,-19993.7,-7602.63,0,0,12073.5,4491.5,None,121562,219818
Trade_5519,CSA_72,37.1164,2957.38,-72.552,-4802.52,n/a,n/a,0,0,None,893.404,1016.3
Trade_6483,CSA_72,2169.67,134.072,-3384.22,-197,n/a,n/a,0,0,None,22981.2,30922.2
Trade_6013,CSA_72,11756.3,3463.44,-19686.4,-5794.81,n/a,n/a,0,0,None,160338,222474
Trade_8937,CSA_72,68.605,1.50526,-111.258,-2.6418,n/a,n/a,0,0,None,1240.53,2573.52
Trade_4512,CSA_72,3284.23,3177.49,-5512.51,-5578.85,n/a,n/a,0,0,None,50543,76044.6
,CSA_73,46018.4,3048.45,-70338.4,-4239.95,0,0,46018.4,3048.45,None,492997,788964
Trade_1553,CSA_73,0.101102,0.44626,-0.18363,-0.691364,n/a,n/a,0,0,None,3.24339,4.52079
Trade_8668,CSA_73,42.7272,0.0261285,-69.6358,-0.0364815,n/a,n/a,0,0,None,657.247,1310.53
Trade_1546,CSA_73,40520.9,4160.2,-61706.5,-5920.6,n/a,n/a,0,0,None,436282,683424
Trade_6251,CSA_73,19.8347,912.027,-32.4821,-1486.63,n/a,n/a,0,0,None,285.626,359.136
Trade_1844,CSA_73,7692.67,233.531,-12039.4,-341.798,n/a,n/a,0,0,None,80479.3,124226
,CSA_74,18211.1,17440.7,-28194.4,-24440,0,0,18211.1,17440.7,None,186954,496204
Trade_3149,CSA_74,377.602,3.05723,-582.131,-4.00463,n/a,n/a,0,0,None,4041.13,5351.01
Trade_5571,CSA_74,750.051,2.89371,-1213.89,-5.71637,n/a,n/a,0,0,None,18630.6,31006.5
Trade_9877,CSA_74,8893.05,352.745,-14911.6,-630.596,n/a,n/a,0,0,None,147817,210284
Trade_1744,CSA_74,5461.41,37153.9,-8165.48,-57007.9,n/a,n/a,0,0,None,63030.3,71217.5
Trade_4155,CSA_74,23123.5,322.695,-37023.3,-493.815,n/a,n/a,0,0,None,312126,630052
,CSA_75,56102.7,1679.28,-86425.4,-2333.88,0,0,56102.7,1679.28,None,591308,1.18012e+06
Trade_6440,CSA_75,5176.5,47.3641,-8128.45,-93.7772,n/a,n/a,0,0,None,129478,262108
Trade_8372,CSA_75,41283.9,155.506,-63280.1,-197.887,n/a,n/a,0,0,None,444486,619273
Trade_1911,CSA_75,9410.82,591.336,-15180.1,-1061.74,n/a,n/a,0,0,None,170496,367619
Trade_9553,CSA_75,14262.4,6509.23,-22142.2,-10035.9,n/a,n/a,0,0,None,155459,195323
Trade_1986,CSA_75,1250.49,9657.25,-1922.12,-15172.2,n/a,n/a,0,0,None,14081.5,17833.9
,CSA_76,3109.77,26468.1,-4642.72,-41034.4,0,0,3109.77,26468.1,None,36272.2,41077.9
Trade_5992,CSA_76,4640.32,9928.83,-7744.42,-16688.8,n/a,n/a,0,0,None,63259.9,83669.8
Trade_8521,CSA_76,2905.78,18830.5,-4183,-28482.8,n/a,n/a,0,0,None,34692.5,39754.5
Trade_9667,CSA_76,2373.46,715.628,-3781.82,-1369.93,n/a,n/a,0,0,None,59246.9,111925
Trade_3406,CSA_76,18.2817,3661.77,-37.1716,-5353.05,n/a,n/a,0,0,None,567.866,593.323
Trade_7520,CSA_76,5.98338,165.44,-8.35058,-251.816,n/a,n/a,0,0,None,73.7961,78.5753
,CSA_77,2983.67,46454.6,-4287.17,-71706.1,0,0,2983.67,46454.6,None,36131.5,37505
Trade_8381,CSA_77,116.425,2.15378,-176.371,-2.84858,n/a,n/a,0,0,None,1279.89,1434.34
Trade_9385,CSA_77,822.15,24323.1,-1190.71,-38049.7,n/a,n/a,0,0,None,9714.69,11873.4
Trade_2862,CSA_77,3631.98,25760.3,-5222.64,-39088.2,n/a,n/a,0,0,None,43757.4,44923.9
Trade_7533,CSA_77,2387.57,362.045,-3800.65,-698.134,n/a,n/a,0,0,None,59873.2,121576
Trade_5518,CSA_77,18.6289,0.106376,-29.9022,-0.200629,n/a,n/a,0,0,None,412.064,813.888
,CSA_78,138.224,3653.24,-197.608,-6106.56,0,0,138.224,3653.24,None,1692.2,2042.04
Trade_5426,CSA_78,141.176,2.79487,-217.292,-3.58269,n/a,n/a,0,0,None,1501.1,2552.06
Trade_5847,CSA_78,52.9362,4076.02,-90.4423,-6722.11,n/a,n/a,0,0,None,855.06,1098.09
Trade_8213,CSA_78,178.515,16.8033,-222.412,-29.0137,n/a,n/a,0,0,None,9816.9,15988.8
Trade_1346,CSA_78,8.16738,1.75333,-13.8605,-3.04016,n/a,n/a,0,0,None,127.612,157.286
Trade_5003,CSA_78,204.849,3.28997,-309.083,-4.29335,n/a,n/a,0,0,None,2264.29,2448.08
,CSA_79,84507.9,2224.25,-129816,-3151.47,0,0,84507.9,2224.25,None,909527,1.23947e+06
Trade_5817,CSA_79,1641.89,188.263,-2364.57,-326.532,n/a,n/a,0,0,None,66660.9,117650
Trade_9697,CSA_79,7.2092,4802,-14.7351,-7055.87,n/a,n/a,0,0,None,236.593,360.188
Trade_1620,CSA_79,24873.7,7681.8,-38561.2,-11792.3,n/a,n/a,0,0,None,270477,328915
Trade_4623,CSA_79,1837.67,3134.57,-2944.03,-5122.63,n/a,n/a,0,0,None,21534.3,30526.1
Trade_6760,CSA_79,71658.9,1929.04,-109691,-2613.36,n/a,n/a,0,0,None,766294,1.24134e+06
,CSA_8,5050.28,24953.2,-7958.61,-37620.5,0,0,5050.28,24953.2,None,54347.4,70561
Trade_5961,CSA_8,80.6631,1112.57,-155.535,-1788.17,n/a,n/a,0,0,None,1767.32,2682.09
Trade_7178,CSA_8,1949.42,39549.3,-2813.52,-60442.1,n/a,n/a,0,0,None,23245.5,26151.9
Trade_9933,CSA_8,6089.36,367.533,-9471.89,-539.474,n/a,n/a,0,0,None,64426.2,91337.3
Trade_8446,CSA_8,52.5525,0.000612212,-79.3041,-0.00129696,n/a,n/a,0,0,None,1758.7,3044.75
Trade_4368,CSA_8,13598.9,644.427,-21543.2,-955.577,n/a,n/a,0,0,None,164598,347923
,CSA_80,4376.67,35567.4,-6447.88,-54914,0,0,4376.67,35567.4,None,51429.1,59146.2
Trade_1078,CSA_80,4631.62,35567.4,-6917.89,-55130.5,n/a,n/a,0,0,None,53670.4,61401
Trade_8819,CSA_80,0.067852,8.50226,-0.128776,-12.2475,n/a,n/a,0,0,None,2.67965,4.66954
Trade_2030,CSA_80,850.602,838.153,-1381.38,-1281.78,n/a,n/a,0,0,None,32505.5,43641.8
Trade_2131,CSA_80,0.663391,239.822,-1.18208,-310.529,n/a,n/a,0,0,None,32.8918,81.0162
Trade_9338,CSA_80,3.22743,23.041,-4.70038,-36.3926,n/a,n/a,0,0,None,42.1321,54.2153
,CSA_81,12258.2,35328.9,-18612.4,-52738.5,0,0,12258.2,35328.9,None,140121,157859
Trade_6800,CSA_81,20623.8,2435.27,-31660.5,-3594.33,n/a,n/a,0,0,None,223592,275428
Trade_5083,CSA_81,4177.79,53283,-5824.38,-80540.8,n/a,n/a,0,0,None,51292.8,54021.6
Trade_1795,CSA_81,5582.58,1596.26,-8453.61,-2395.03,n/a,n/a,0,0,None,61218.6,81521
Trade_4028,CSA_81,4702.1,452.956,-7941.26,-815.103,n/a,n/a,0,0,None,84909.7,128152
Trade_7880,CSA_81,115.143,504.639,-209.244,-869.739,n/a,n/a,0,0,None,2439.2,3417.94
,CSA_82,29379.3,550.617,-46599.7,-770.85,0,0,29379.3,550.617,None,302176,500438
Trade_5755,CSA_82,2269.29,143.263,-3771.74,-250.288,n/a,n/a,0,0,None,35039.8,50185.8
Trade_1120,CSA_82,881.481,79.1045,-1414.38,-149.295,n/a,n/a,0,0,None,17605.5,38793.4
Trade_5257,CSA_82,10073.7,662.406,-15549.1,-959.866,n/a,n/a,0,0,None,107813,143426
Trade_6529,CSA_82,15.3609,822.189,-30.0744,-1229.01,n/a,n/a,0,0,None,501.587,828.942
Trade_8752,CSA_82,17739.7,443.833,-28329.1,-676.982,n/a,n/a,0,0,None,205499,314932
,CSA_83,107.191,6301.87,-156.66,-9996.17,0,0,107.191,6301.87,None,1250.26,2154.65
Trade_6977,CSA_83,299.578,3.91879,-470.417,-5.11001,n/a,n/a,0,0,None,3142.72,6476.59
Trade_4349,CSA_83,78.5073,3245.36,-119.038,-5082.31,n/a,n/a,0,0,None,952.015,1501.65
Trade_6428,CSA_83,83.395,1038.79,-136.347,-1670.06,n/a,n/a,0,0,None,1288.04,1536.46
Trade_8420,CSA_83,127.276,2534.36,-241.104,-4112.05,n/a,n/a,0,0,None,3452.04,4278.67
Trade_9856,CSA_83,39.9166,0.912531,-64.503,-1.39937,n/a,n/a,0,0,None,572.861,1221.59
,CSA_84,9715.2,8464.44,-15383.8,-13253.1,0,0,9715.2,8464.44,None,102704,147369
Trade_8512,CSA_84,24.3331,16.8736,-39.2572,-27.9031,n/a,n/a,0,0,None,329.998,581.569
Trade_3828,CSA_84,589.756,15461,-874.353,-24234.9,n/a,n/a,0,0,None,6816.33,8933.86
Trade_2312,CSA_84,5440.4,1435.82,-8879.18,-2547.81,n/a,n/a,0,0,None,84053.7,149110
Trade_7146,CSA_84,17013.5,4833.13,-26786.3,-7527.4,n/a,n/a,0,0,None,185838,245955
Trade_7870,CSA_84,0.651117,71.1178,-0.835507,-111.272,n/a,n/a,0,0,None,8.35719,11.8266
,CSA_85,8105.37,23902.7,-11600.1,-36769,0,0,8105.37,23902.7,None,97453.6,108120
Trade_8926,CSA_85,13725.9,10519.1,-21021.9,-15975.9,n/a,n/a,0,0,None,152974,168370
Trade_4204,CSA_85,2129.7,2836.53,-3463.75,-4504.56,n/a,n/a,0,0,None,25516.6,33297.7
Trade_1181,CSA_85,627.454,5674.8,-941.422,-8708.82,n/a,n/a,0,0,None,7236.27,9099.25
Trade_7109,CSA_85,26.8291,3813.79,-43.3678,-6282.25,n/a,n/a,0,0,None,438.656,559.014
Trade_7848,CSA_85,463.184,9926.17,-847.947,-16015.8,n/a,n/a,0,0,None,8634.13,14277.2
,CSA_86,6252.7,28580.1,-9161.88,-45664.6,0,0,6252.7,28580.1,None,73518.4,86943.4
Trade_1155,CSA_86,2447.08,15264.1,-3729.6,-23562.1,n/a,n/a,0,0,None,27835.9,37495.9
Trade_7356,CSA_86,3042.93,13704.6,-4507.58,-20967.9,n/a,n/a,0,0,None,35456.3,38423.2
Trade_6337,CSA_86,11275,2917.89,-17231.1,-4399.54,n/a,n/a,0,0,None,121086,198001
Trade_9151,CSA_86,9503.91,1473.72,-14564.5,-2195.89,n/a,n/a,0,0,None,103891,125703
Trade_7665,CSA_86,359.979,15596,-630.814,-26040.9,n/a,n/a,0,0,None,6136.36,7741.38
,CSA_87,56596.8,4617.73,-87267,-6649.96,0,0,56596.8,4617.73,None,596702,1.07027e+06
Trade_1092,CSA_87,28974.7,8990.5,-44803,-13674.9,n/a,n/a,0,0,None,314444,383190
Trade_9004,CSA_87,10.0184,235.188,-19.3443,-317.765,n/a,n/a,0,0,None,374.024,407.854
Trade_2882,CSA_87,31057.2,2472.02,-47947.4,-3587.14,n/a,n/a,0,0,None,325588,624108
Trade_8793,CSA_87,3288.37,1.63269,-4888.17,-3.40013,n/a,n/a,0,0,None,110928,196790
Trade_9755,CSA_87,354.205,6.06671,-550.168,-7.82353,n/a,n/a,0,0,None,3703.72,6918.93
,CSA_88,20766.7,14590.2,-31328.9,-22633.1,0,0,20766.7,14590.2,None,223091,436364
Trade_8256,CSA_88,395.142,11241,-560.749,-17425.3,n/a,n/a,0,0,None,4773.57,5461.02
Trade_5082,CSA_88,18625.1,7015.67,-28228.3,-10538.7,n/a,n/a,0,0,None,203956,268868
Trade_1759,CSA_88,3987.64,3767.47,-6464.86,-6322.27,n/a,n/a,0,0,None,51548.5,73673.1
Trade_2458,CSA_88,3753.49,3.30469,-5316.87,-6.50792,n/a,n/a,0,0,None,153888,264513
Trade_7325,CSA_88,2130.89,688.46,-3595.34,-1177.53,n/a,n/a,0,0,None,30730.7,42517.7
,CSA_89,19986,6829.89,-30343.3,-10421.7,0,0,19986,6829.89,None,222219,247146
Trade_9355,CSA_89,634.351,1619.33,-1127.88,-2844.59,n/a,n/a,0,0,None,13389.1,19262.3
Trade_5274,CSA_89,43883.3,8822.68,-66068.5,-12770,n/a,n/a,0,0,None,483137,617547
Trade_8101,CSA_89,199.188,6760.35,-275.427,-10357.8,n/a,n/a,0,0,None,2474.8,2569.11
Trade_2342,CSA_89,20747.1,25446.1,-31144.8,-38099.7,n/a,n/a,0,0,None,237634,262276
Trade_6414,CSA_89,5880.13,15539.6,-8937.92,-23560.8,n/a,n/a,0,0,None,66988,76818.6
,CSA_9,11290.5,6037.52,-17092.9,-8877.37,0,0,11290.5,6037.52,None,118826,321854
Trade_3305,CSA_9,6.43129,0.758683,-9.13783,-1.35171,n/a,n/a,0,0,None,268.191,462.703
Trade_7259,CSA_9,27.1245,1060.25,-46.0028,-1715.92,n/a,n/a,0,0,None,478.836,556.625
Trade_4919,CSA_9,5235.14,68.5899,-8469.72,-119.067,n/a,n/a,0,0,None,94713.9,199381
Trade_5160,CSA_9,6784.05,7726.58,-10305.4,-11827.8,n/a,n/a,0,0,None,75645.4,82021.8
Trade_1216,CSA_9,2124.82,68.4425,-3181.82,-132.317,n/a,n/a,0,0,None,71432.9,128195
,CSA_90,74450.7,1662.48,-118092,-2384.48,0,0,74450.7,1662.48,None,780714,1.43119e+06
Trade_1863,CSA_90,1919.94,28.8848,-3055.52,-54.355,n/a,n/a,0,0,None,42561.9,88667.9
Trade_4690,CSA_90,5269.85,4083.62,-8241.39,-6443.74,n/a,n/a,0,0,None,59381.7,85756.1
Trade_1384,CSA_90,12033.7,1165.21,-20241.2,-2028.09,n/a,n/a,0,0,None,185948,264006
Trade_3854,CSA_90,60995.4,1973.11,-95884,-2898.68,n/a,n/a,0,0,None,649057,1.02813e+06
Trade_7868,CSA_90,2.29979,182.145,-3.41832,-293.378,n/a,n/a,0,0,None,31.821,44.5619
,CSA_91,38280.9,2581.8,-58554.4,-3448.62,0,0,38280.9,2581.8,None,418492,513986
Trade_2104,CSA_91,7100.89,734.104,-11039.2,-1132.24,n/a,n/a,0,0,None,75707,140163
Trade_1201,CSA_91,415.41,10516.5,-818.197,-16518.3,n/a,n/a,0,0,None,10109.8,11982.1
Trade_6503,CSA_91,4876.11,317.57,-8202.59,-591.445,n/a,n/a,0,0,None,96386.3,135470
Trade_4410,CSA_91,40361.2,2132.09,-61801.3,-3083.91,n/a,n/a,0,0,None,432288,694899
Trade_9656,CSA_91,195.589,3549.89,-316.039,-5745.56,n/a,n/a,0,0,None,2659.89,3342.42
,CSA_92,24428.3,7421.13,-37948.4,-10531,0,0,24428.3,7421.13,None,258664,371943
Trade_1232,CSA_92,10096.5,1161.57,-16398.4,-2034.56,n/a,n/a,0,0,None,156142,318374
Trade_4887,CSA_92,1492.81,9806.32,-2209.69,-14851.8,n/a,n/a,0,0,None,17525.3,18890.3
Trade_9007,CSA_92,23383.6,3406.4,-36870.4,-5270.97,n/a,n/a,0,0,None,250783,357110
Trade_2769,CSA_92,1985.87,8185.52,-3597.63,-14155.1,n/a,n/a,0,0,None,38463.8,50595
Trade_3028,CSA_92,7822.91,5214.73,-13417.2,-8763.56,n/a,n/a,0,0,None,112292,159288
,CSA_93,289.748,7168.96,-363.187,-11102.5,0,0,289.748,7168.96,None,3999.12,5616.73
Trade_8778,CSA_93,1040.3,269.961,-1698.13,-510.44,n/a,n/a,0,0,None,22827.1,40673.1
Trade_8995,CSA_93,10818.3,490.459,-17488.6,-926.783,n/a,n/a,0,0,None,215649,449146
Trade_2103,CSA_93,26.9572,257.875,-49.8269,-354.118,n/a,n/a,0,0,None,1015.07,1153.9
Trade_6631,CSA_93,2202.87,14171,-3810.95,-22950.3,n/a,n/a,0,0,None,32776.6,42972.7
Trade_2463,CSA_93,1015.34,6793.64,-1536.29,-10581.5,n/a,n/a,0,0,None,11608.6,13629.5
,CSA_94,4394.7,72919.2,-6750.35,-113172,0,0,4394.7,72919.2,None,49986.8,65860.6
Trade_9751,CSA_94,6839.26,19395.7,-11208.9,-30909.5,n/a,n/a,0,0,None,86398.1,110268
Trade_4409,CSA_94,3089.83,60481.7,-4560.3,-93478.6,n/a,n/a,0,0,None,36119.7,44882.6
Trade_8577,CSA_94,2347.38,17325.7,-3955.71,-28487.9,n/a,n/a,0,0,None,32829.1,41934.2
Trade_4709,CSA_94,18245.6,815.305,-29303.5,-1330.53,n/a,n/a,0,0,None,247173,507258
Trade_8142,CSA_94,5440.07,6468.28,-9675.98,-10919.5,n/a,n/a,0,0,None,90027.1,116582
,CSA_95,42544.1,3387.99,-63994.1,-4365.71,0,0,42544.1,3387.99,None,470668,536044
Trade_7540,CSA_95,621.679,13608.5,-1131.95,-22074.2,n/a,n/a,0,0,None,10578.8,17784.7
Trade_3975,CSA_95,0.315143,192.365,-0.563737,-249.512,n/a,n/a,0,0,None,15.6315,39.2027
Trade_9170,CSA_95,14396.8,3642.98,-22942.2,-5789.23,n/a,n/a,0,0,None,161486,221930
Trade_5407,CSA_95,4232.74,2962.76,-6454.54,-4571.61,n/a,n/a,0,0,None,46626.9,53230.4
Trade_4117,CSA_95,48738.8,8427.57,-74401.7,-12618.1,n/a,n/a,0,0,None,526371,776170
,CSA_96,68157.9,3085.5,-104157,-4410.32,0,0,68157.9,3085.5,None,732161,1.13626e+06
Trade_1043,CSA_96,14.1983,0.563217,-21.7544,-0.806669,n/a,n/a,0,0,None,153.913,185.462
Trade_8597,CSA_96,16.5615,0.0719205,-26.9309,-0.11593,n/a,n/a,0,0,None,274.528,533.024
Trade_4347,CSA_96,1317.19,101.169,-2211.98,-180.832,n/a,n/a,0,0,None,21903.6,31324.3
Trade_7946,CSA_96,1103.76,928.756,-1663.19,-1405.07,n/a,n/a,0,0,None,12298,13471.7
Trade_3809,CSA_96,66659.2,3008.04,-101745,-4334.83,n/a,n/a,0,0,None,717341,1.09618e+06
,CSA_97,15087.1,17586.7,-23395.4,-27404.2,0,0,15087.1,17586.7,None,167867,218880
Trade_3643,CSA_97,4746.13,1124.13,-7354.95,-1717.49,n/a,n/a,0,0,None,51336.7,66258.6
Trade_9044,CSA_97,1029.31,14840,-1662.07,-23668.9,n/a,n/a,0,0,None,15018.8,21775.2
Trade_5687,CSA_97,8.44953,0.0631942,-13.3395,-0.124458,n/a,n/a,0,0,None,211.229,413.651
Trade_3286,CSA_97,16145.7,11833.6,-25277.9,-18236.9,n/a,n/a,0,0,None,175549,229859
Trade_1852,CSA_97,3702.92,334.284,-5949.22,-642.749,n/a,n/a,0,0,None,82237.1,169776
,CSA_98,23237.3,6307.7,-35348.4,-9346.9,0,0,23237.3,6307.7,None,262343,315927
Trade_9610,CSA_98,24922.5,2765.28,-38248,-4100.28,n/a,n/a,0,0,None,271031,326802
Trade_9097,CSA_98,3716.41,892.366,-6415.64,-1593.26,n/a,n/a,0,0,None,66861.7,92358
Trade_4137,CSA_98,7878.89,11084.3,-11876.9,-16944.1,n/a,n/a,0,0,None,88259.1,98973.9
Trade_6345,CSA_98,58.7701,10662.1,-117.589,-16812.7,n/a,n/a,0,0,None,1479.18,2333.79
Trade_4615,CSA_98,8374.22,2617.21,-12678.3,-3884.61,n/a,n/a,0,0,None,91293.8,127461
,CSA_99,10734.9,80459.2,-15961.1,-123120,0,0,10734.9,80459.2,None,125323,136464
Trade_4172,CSA_99,387.093,31347.4,-531.637,-48693.1,n/a,n/a,0,0,None,4800.49,5275.49
Trade_7135,CSA_99,13942.6,31226.1,-21579.6,-47977.5,n/a,n/a,0,0,None,155643,187690
Trade_6229,CSA_99,8399.45,24493.4,-12624.3,-36998.6,n/a,n/a,0,0,None,96932.7,102246
Trade_2530,CSA_99,1311.15,6909.35,-1905.26,-10475.2,n/a,n/a,0,0,None,15630.8,16010.4
Trade_8688,CSA_99,212.203,0.609505,-345.154,-0.905442,n/a,n/a,0,0,None,3262.73,6639.9
